<?xml version="1.0" encoding="UTF-8" ?>
<!DOCTYPE mapper
        PUBLIC "-//mybatis.org//DTD Mapper 3.0//EN"
        "http://mybatis.org/dtd/mybatis-3-mapper.dtd">
<mapper namespace="cn.gdcp.mapper.CartMapper">

    <resultMap id="cartBaseMap" type="cart">
        <id column="id" property="id"/>
        <result column="amount" property="amount"/>
        <result column="good_id" property="goodId"/>
        <result column="user_id" property="userId"/>
    </resultMap>

    <resultMap id="cartMap" extends="cartBaseMap" type="cart">
        <association property="good" javaType="good" column="good_id" select="queryGoods"/>
    </resultMap>

    <select id="queryGoods" resultType="good">
        select * from goods where id = #{good_id}
    </select>

    <select id="selectSumAmountByUserId" resultType="int">
        select ifnull (sum(amount),0) from carts where user_id = #{userId}
    </select>

    <select id="selectListByUseId" resultMap="cartMap">
        select * from carts where user_id = #{userId}
    </select>

    <select id="selectByUserIdAndGoodId" resultMap="cartBaseMap">
        select * from carts where user_id = #{userId} and good_id = #{goodId} limit 1
    </select>

    <update id="updateAmount">
        update carts set amount = amount + #{amount} where id = #{id}
    </update>

    <insert id="insert" parameterType="cart" useGeneratedKeys="true" keyProperty="id">
        insert into carts(amount, good_id, user_id) values(#{amount}, #{goodId}, #{userId})
    </insert>

    <delete id="delete">
        delete from carts where id = #{id}
    </delete>

    <delete id="deleteByUserId">
        delete from carts where user_id = #{userId}
    </delete>

    <select id="select" resultMap="cartBaseMap">
        select * from carts where id = #{id}
    </select>
</mapper>