<?xml version="1.0" encoding="UTF-8" ?>
<!DOCTYPE mapper
        PUBLIC "-//mybatis.org//DTD Mapper 3.0//EN"
        "http://mybatis.org/dtd/mybatis-3-mapper.dtd">
<mapper namespace="cn.gdcp.mapper.TypeMapper">
    <select id="findAll" resultType="type">
        select * from types order by num asc
    </select>

    <select id="getCount" resultType="int">
        select count(*) from types
    </select>

    <select id="get" parameterType="int" resultType="type">
        select * from types where id = #{id}
    </select>

    <update id="update" parameterType="type">
        update types set
        <if test="name!=null">
            name = #{name}
        </if>
        <if test="num!=null">
            , num = #{num}
        </if>
        <where>
            <if test="id!=null">
                id = #{id}
            </if>
        </where>
    </update>

    <insert id="typeAdd" parameterType="type" useGeneratedKeys="true" keyProperty="id">
        insert into types values (#{id},#{name},#{num})
    </insert>

    <delete id="deleteType" parameterType="int">
        delete from types where id = #{id}
    </delete>
</mapper>