<?xml version="1.0" encoding="UTF-8" ?>
<beans xmlns="http://www.springframework.org/schema/beans"
       xmlns:mvc="http://www.springframework.org/schema/mvc"
       xmlns:context="http://www.springframework.org/schema/context"
       xmlns:xsi="http://www.w3.org/2001/XMLSchema-instance"
       xsi:schemaLocation="http://www.springframework.org/schema/beans
http://www.springframework.org/schema/beans/spring-beans.xsd
http://www.springframework.org/schema/mvc
http://www.springframework.org/schema/mvc/spring-mvc.xsd
http://www.springframework.org/schema/context
http://www.springframework.org/schema/context/spring-context.xsd">

    <!--扫描controller包-->
    <context:component-scan base-package="cn.gdcp.controller"/>

    <!--注册注解驱动-->
    <mvc:annotation-driven/>

    <!--内部资源视图解析器-->
    <bean id="resourceViewResolver" class="org.springframework.web.servlet.view.InternalResourceViewResolver">
        <property name="prefix" value="/"/>
        <property name="suffix" value=".jsp"/>
    </bean>

    <!-- 定义文件上传解析器 -->
    <bean id="multipartResolver" class="org.springframework.web.multipart.commons.CommonsMultipartResolver">
        <!-- 设定默认编码 -->
        <property name="defaultEncoding" value="utf-8"></property>
        <!-- 设定文件上传的最大值为5MB，5*1024*1024 -->
        <property name="maxUploadSize" value="5242880"></property>
    </bean>

    <!--静态资源开放权限-->
    <mvc:default-servlet-handler/>

    <!--解决跨域问题-->
    <mvc:cors>
        <mvc:mapping path="/**" allowed-origins="*" allow-credentials="true" max-age="1800"
                     allowed-methods="GET,POST,PUT,DELETE,PATCH,OPTIONS"/>
    </mvc:cors>

    <!-- 配置拦截器 -->
    <mvc:interceptors>
        <mvc:interceptor>
            <mvc:mapping path="/admin/**"/>
            <mvc:mapping path="/good/**"/>
            <mvc:mapping path="/order/**"/>
            <mvc:mapping path="/top/**"/>
            <mvc:mapping path="/type/**"/>
            <mvc:mapping path="/user/**"/>
            <bean class="cn.gdcp.interceptor.AdminInterceptor"/>
        </mvc:interceptor>
        <mvc:interceptor>
            <mvc:mapping path="/index/**"/>
            <mvc:mapping path="/customer/**"/>
            <bean class="cn.gdcp.interceptor.IndexInterceptor"/>
        </mvc:interceptor>
    </mvc:interceptors>

</beans>