/*
SQLyog Enterprise v12.14 (64 bit)
MySQL - 5.5.28 : Database - shop
*********************************************************************
*/

/*!40101 SET NAMES utf8 */;

/*!40101 SET SQL_MODE=''*/;

/*!40014 SET @OLD_UNIQUE_CHECKS=@@UNIQUE_CHECKS, UNIQUE_CHECKS=0 */;
/*!40014 SET @OLD_FOREIGN_KEY_CHECKS=@@FOREIGN_KEY_CHECKS, FOREIGN_KEY_CHECKS=0 */;
/*!40101 SET @OLD_SQL_MODE=@@SQL_MODE, SQL_MODE='NO_AUTO_VALUE_ON_ZERO' */;
/*!40111 SET @OLD_SQL_NOTES=@@SQL_NOTES, SQL_NOTES=0 */;
CREATE DATABASE /*!32312 IF NOT EXISTS*/`shop` /*!40100 DEFAULT CHARACTER SET utf8 */;

USE `shop`;

/*Table structure for table `admins` */

DROP TABLE IF EXISTS `admins`;

CREATE TABLE `admins` (
  `id` int(11) NOT NULL AUTO_INCREMENT COMMENT 'ID',
  `username` varchar(255) NOT NULL COMMENT '用户名',
  `password` varchar(255) NOT NULL COMMENT '密码',
  `email` varchar(255) DEFAULT NULL COMMENT '邮箱',
  `phone` varchar(11) DEFAULT NULL COMMENT '手机号',
  `create_time` datetime NOT NULL COMMENT '创建时间',
  PRIMARY KEY (`id`),
  UNIQUE KEY `username` (`username`),
  UNIQUE KEY `username_2` (`username`)
) ENGINE=InnoDB AUTO_INCREMENT=121 DEFAULT CHARSET=utf8 ROW_FORMAT=DYNAMIC COMMENT='管理员';

/*Data for the table `admins` */

insert  into `admins`(`id`,`username`,`password`,`email`,`phone`,`create_time`) values 
(1,'admin','tuShOfiBrA8+br7ENrMS8A==','212065370@qq.com','13725292851','2020-11-09 08:00:00'),
(6,'nienie','il7b8jvppmx6mFUlyoVzxg==','111@qq.com','12345678901','2020-11-09 11:34:56'),
(7,'tongtong','5Nhql5Rqtwl0JZe6kXkkjw==','123@qq.com','13725292529','2020-11-09 15:36:59'),
(8,'admin0','tuShOfiBrA8+br7ENrMS8A==','111@qq.com','12345678901','2020-11-09 15:40:01'),
(9,'admin1','tuShOfiBrA8+br7ENrMS8A==','111@qq.com','12345678901','2020-11-09 15:41:11'),
(10,'admin2','tuShOfiBrA8+br7ENrMS8A==','111@qq.com','12345678901','2020-11-09 15:41:11'),
(11,'admin3','tuShOfiBrA8+br7ENrMS8A==','111@qq.com','12345678901','2020-11-09 15:41:11'),
(12,'admin4','tuShOfiBrA8+br7ENrMS8A==','111@qq.com','12345678901','2020-11-09 15:41:11'),
(13,'admin5','tuShOfiBrA8+br7ENrMS8A==','111@qq.com','12345678901','2020-11-09 15:41:11'),
(14,'admin6','tuShOfiBrA8+br7ENrMS8A==','111@qq.com','12345678901','2020-11-09 15:41:11'),
(15,'admin7','tuShOfiBrA8+br7ENrMS8A==','111@qq.com','12345678901','2020-11-09 15:41:11'),
(16,'admin8','tuShOfiBrA8+br7ENrMS8A==','111@qq.com','12345678901','2020-11-09 15:41:11'),
(17,'admin9','tuShOfiBrA8+br7ENrMS8A==','111@qq.com','12345678901','2020-11-09 15:41:11'),
(18,'admin10','tuShOfiBrA8+br7ENrMS8A==','111@qq.com','12345678901','2020-11-09 15:41:11'),
(19,'admin11','tuShOfiBrA8+br7ENrMS8A==','111@qq.com','12345678901','2020-11-09 15:41:11'),
(20,'admin12','tuShOfiBrA8+br7ENrMS8A==','111@qq.com','12345678901','2020-11-09 15:41:11'),
(21,'admin13','tuShOfiBrA8+br7ENrMS8A==','111@qq.com','12345678901','2020-11-09 15:41:11'),
(22,'admin14','tuShOfiBrA8+br7ENrMS8A==','111@qq.com','12345678901','2020-11-09 15:41:11'),
(23,'admin15','tuShOfiBrA8+br7ENrMS8A==','111@qq.com','12345678901','2020-11-09 15:41:11'),
(24,'admin16','tuShOfiBrA8+br7ENrMS8A==','111@qq.com','12345678901','2020-11-09 15:41:11'),
(25,'admin17','tuShOfiBrA8+br7ENrMS8A==','111@qq.com','12345678901','2020-11-09 15:41:11'),
(26,'admin18','tuShOfiBrA8+br7ENrMS8A==','111@qq.com','12345678901','2020-11-09 15:41:11'),
(27,'admin19','tuShOfiBrA8+br7ENrMS8A==','111@qq.com','12345678901','2020-11-09 15:41:11'),
(28,'admin20','tuShOfiBrA8+br7ENrMS8A==','111@qq.com','12345678901','2020-11-09 15:41:11'),
(29,'admin21','tuShOfiBrA8+br7ENrMS8A==','111@qq.com','12345678901','2020-11-09 15:41:11'),
(30,'admin22','tuShOfiBrA8+br7ENrMS8A==','111@qq.com','12345678901','2020-11-09 15:41:11'),
(31,'admin23','tuShOfiBrA8+br7ENrMS8A==','111@qq.com','12345678901','2020-11-09 15:41:11'),
(32,'admin24','tuShOfiBrA8+br7ENrMS8A==','111@qq.com','12345678901','2020-11-09 15:41:11'),
(33,'admin25','tuShOfiBrA8+br7ENrMS8A==','111@qq.com','12345678901','2020-11-09 15:41:11'),
(34,'admin26','tuShOfiBrA8+br7ENrMS8A==','111@qq.com','12345678901','2020-11-09 15:41:11'),
(35,'admin27','tuShOfiBrA8+br7ENrMS8A==','111@qq.com','12345678901','2020-11-09 15:41:11'),
(36,'admin28','tuShOfiBrA8+br7ENrMS8A==','111@qq.com','12345678901','2020-11-09 15:41:11'),
(37,'admin29','tuShOfiBrA8+br7ENrMS8A==','111@qq.com','12345678901','2020-11-09 15:41:11'),
(38,'admin30','tuShOfiBrA8+br7ENrMS8A==','111@qq.com','12345678901','2020-11-09 15:41:11'),
(39,'admin31','tuShOfiBrA8+br7ENrMS8A==','111@qq.com','12345678901','2020-11-09 15:41:11'),
(40,'admin32','tuShOfiBrA8+br7ENrMS8A==','111@qq.com','12345678901','2020-11-09 15:41:11'),
(41,'admin33','tuShOfiBrA8+br7ENrMS8A==','111@qq.com','12345678901','2020-11-09 15:41:11'),
(42,'admin34','tuShOfiBrA8+br7ENrMS8A==','111@qq.com','12345678901','2020-11-09 15:41:11'),
(43,'admin35','tuShOfiBrA8+br7ENrMS8A==','111@qq.com','12345678901','2020-11-09 15:41:11'),
(44,'admin36','tuShOfiBrA8+br7ENrMS8A==','111@qq.com','12345678901','2020-11-09 15:41:11'),
(45,'admin37','tuShOfiBrA8+br7ENrMS8A==','111@qq.com','12345678901','2020-11-09 15:41:11'),
(47,'admin39','tuShOfiBrA8+br7ENrMS8A==','111@qq.com','12345678901','2020-11-09 15:41:11'),
(48,'admin40','tuShOfiBrA8+br7ENrMS8A==','111@qq.com','12345678901','2020-11-09 15:41:11'),
(49,'admin41','tuShOfiBrA8+br7ENrMS8A==','111@qq.com','12345678901','2020-11-09 15:41:11'),
(50,'admin42','tuShOfiBrA8+br7ENrMS8A==','111@qq.com','12345678901','2020-11-09 15:41:11'),
(51,'admin43','tuShOfiBrA8+br7ENrMS8A==','111@qq.com','12345678901','2020-11-09 15:41:11'),
(52,'admin44','tuShOfiBrA8+br7ENrMS8A==','111@qq.com','12345678901','2020-11-09 15:41:11'),
(53,'admin45','tuShOfiBrA8+br7ENrMS8A==','111@qq.com','12345678901','2020-11-09 15:41:11'),
(60,'admin52','tuShOfiBrA8+br7ENrMS8A==','111@qq.com','12345678901','2020-11-09 15:41:11'),
(61,'admin53','tuShOfiBrA8+br7ENrMS8A==','111@qq.com','12345678901','2020-11-09 15:41:11'),
(62,'admin54','tuShOfiBrA8+br7ENrMS8A==','111@qq.com','12345678901','2020-11-09 15:41:11'),
(63,'admin55','tuShOfiBrA8+br7ENrMS8A==','111@qq.com','12345678901','2020-11-09 15:41:11'),
(64,'admin56','tuShOfiBrA8+br7ENrMS8A==','111@qq.com','12345678901','2020-11-09 15:41:11'),
(65,'admin57','tuShOfiBrA8+br7ENrMS8A==','111@qq.com','12345678901','2020-11-09 15:41:11'),
(66,'admin58','tuShOfiBrA8+br7ENrMS8A==','111@qq.com','12345678901','2020-11-09 15:41:11'),
(67,'admin59','tuShOfiBrA8+br7ENrMS8A==','111@qq.com','12345678901','2020-11-09 15:41:11'),
(68,'admin60','tuShOfiBrA8+br7ENrMS8A==','111@qq.com','12345678901','2020-11-09 15:41:11'),
(69,'admin61','tuShOfiBrA8+br7ENrMS8A==','111@qq.com','12345678901','2020-11-09 15:41:11'),
(70,'admin62','tuShOfiBrA8+br7ENrMS8A==','111@qq.com','12345678901','2020-11-09 15:41:11'),
(71,'admin63','tuShOfiBrA8+br7ENrMS8A==','111@qq.com','12345678901','2020-11-09 15:41:11'),
(72,'admin64','tuShOfiBrA8+br7ENrMS8A==','111@qq.com','12345678901','2020-11-09 15:41:11'),
(73,'admin65','tuShOfiBrA8+br7ENrMS8A==','111@qq.com','12345678901','2020-11-09 15:41:11'),
(74,'admin66','tuShOfiBrA8+br7ENrMS8A==','111@qq.com','12345678901','2020-11-09 15:41:11'),
(75,'admin67','tuShOfiBrA8+br7ENrMS8A==','111@qq.com','12345678901','2020-11-09 15:41:11'),
(76,'admin68','tuShOfiBrA8+br7ENrMS8A==','111@qq.com','12345678901','2020-11-09 15:41:11'),
(83,'admin75','tuShOfiBrA8+br7ENrMS8A==','111@qq.com','12345678901','2020-11-09 15:41:11'),
(84,'admin76','tuShOfiBrA8+br7ENrMS8A==','111@qq.com','12345678901','2020-11-09 15:41:11'),
(85,'admin77','tuShOfiBrA8+br7ENrMS8A==','111@qq.com','12345678901','2020-11-09 15:41:11'),
(86,'admin78','tuShOfiBrA8+br7ENrMS8A==','111@qq.com','12345678901','2020-11-09 15:41:11'),
(87,'admin79','tuShOfiBrA8+br7ENrMS8A==','111@qq.com','12345678901','2020-11-09 15:41:11'),
(88,'admin80','tuShOfiBrA8+br7ENrMS8A==','111@qq.com','12345678901','2020-11-09 15:41:11'),
(89,'admin81','tuShOfiBrA8+br7ENrMS8A==','111@qq.com','12345678901','2020-11-09 15:41:11'),
(90,'admin82','tuShOfiBrA8+br7ENrMS8A==','111@qq.com','12345678901','2020-11-09 15:41:11'),
(91,'admin83','tuShOfiBrA8+br7ENrMS8A==','111@qq.com','12345678901','2020-11-09 15:41:11'),
(92,'admin84','tuShOfiBrA8+br7ENrMS8A==','111@qq.com','12345678901','2020-11-09 15:41:11'),
(93,'admin85','tuShOfiBrA8+br7ENrMS8A==','111@qq.com','12345678901','2020-11-09 15:41:11'),
(108,'zhuzhu','I2B09/5Lpv8wTsMN6ylc2Q==','231312@qq.com','13729288888','2020-11-10 11:31:20'),
(120,'admin4545','8M7fgGYqjYAgnhyIxVw9Aw==','212@qq.com','13788888888','2020-11-21 17:24:17');

/*Table structure for table `carts` */

DROP TABLE IF EXISTS `carts`;

CREATE TABLE `carts` (
  `id` int(11) NOT NULL AUTO_INCREMENT,
  `amount` int(11) NOT NULL DEFAULT '0' COMMENT '数量',
  `good_id` int(11) NOT NULL COMMENT '商品ID',
  `user_id` int(11) NOT NULL DEFAULT '0' COMMENT '用户ID',
  PRIMARY KEY (`id`) USING BTREE
) ENGINE=InnoDB AUTO_INCREMENT=41 DEFAULT CHARSET=utf8 ROW_FORMAT=DYNAMIC COMMENT='购物车';

/*Data for the table `carts` */

insert  into `carts`(`id`,`amount`,`good_id`,`user_id`) values 
(37,2,3,6),
(38,1000,19,6),
(39,7,14,6),
(40,5,10,6);

/*Table structure for table `goods` */

DROP TABLE IF EXISTS `goods`;

CREATE TABLE `goods` (
  `id` int(11) unsigned NOT NULL AUTO_INCREMENT COMMENT 'ID',
  `cover` varchar(255) DEFAULT NULL COMMENT '封面',
  `name` varchar(255) DEFAULT NULL COMMENT '名称',
  `intro` varchar(255) DEFAULT NULL COMMENT '介绍',
  `spec` varchar(255) DEFAULT NULL COMMENT '规格',
  `price` int(11) NOT NULL DEFAULT '0' COMMENT '价格',
  `stock` int(11) NOT NULL DEFAULT '0' COMMENT '库存',
  `sales` int(11) NOT NULL DEFAULT '0' COMMENT '销量',
  `content` text COMMENT '详情',
  `type_id` int(11) NOT NULL DEFAULT '0' COMMENT '分类ID',
  PRIMARY KEY (`id`) USING BTREE
) ENGINE=InnoDB AUTO_INCREMENT=24 DEFAULT CHARSET=utf8 ROW_FORMAT=DYNAMIC COMMENT='商品';

/*Data for the table `goods` */

insert  into `goods`(`id`,`cover`,`name`,`intro`,`spec`,`price`,`stock`,`sales`,`content`,`type_id`) values 
(1,'/upload/1.jpg','生蚝','鲜嫩多汁','1碟5个',10,998,4,'撒大大水水水水水水水水 ',1),
(2,'/upload/2.jpg','鱿鱼须','味道鲜美，口感软嫩弹滑','一串',2,997,2,'是顶顶顶顶顶顶顶顶顶顶顶顶顶顶顶顶顶顶',1),
(3,'/upload/3.jpg','虾','味道鲜美，口感软嫩弹滑','一串',2,959,40,'水水顶顶顶顶顶顶顶顶顶顶顶顶顶顶顶顶顶',1),
(4,'/upload/4.jpg','羊肉串','味道鲜美，口感软嫩弹滑','一串',4,999,3,'<img src=\"/upload/20201121082119017_微信图片_20201104222634.jpg\" alt=\"微信图片_20201104222634.jpg\">                    \n                ',2),
(5,'/upload/5.jpg','小肠','味道鲜美，口感软嫩弹滑','一串',3,998,4,'',2),
(6,'/upload/6.jpg','五花肉','味道鲜美，口感软嫩弹滑','一串',3,999,0,'',2),
(7,'/upload/7.jpg','马步鱼','味道鲜美，口感软嫩弹滑','一串',13,998,1,NULL,1),
(8,'/upload/8.jpg','鸡翅','味道鲜美，口感软嫩弹滑','一串',7,999,0,'',2),
(9,'/upload/9.jpg','鸡爪','味道鲜美，口感软嫩弹滑','一串',5,999,0,'',2),
(10,'/upload/10.jpg','瘦肉','味道鲜美，口感软嫩弹滑','一串',3,990,9,'',2),
(11,'/upload/11.jpg','鸡腿','味道鲜美，口感软嫩弹滑','一串',6,999,0,'',2),
(12,'/upload/12.jpg','鸡全腿','味道鲜美，口感软嫩弹滑','一串',6,999,0,'',2),
(13,'/upload/13.jpg','热狗','味道鲜美，口感软嫩弹滑','一串',3,999,0,'',2),
(14,'/upload/14.jpg','玉米','味道鲜美，口感软嫩弹滑','一条',3,975,24,'',3),
(15,'/upload/15.jpg','豆角','味道鲜美，口感软嫩弹滑','一串',3,999,0,'',3),
(16,'/upload/16.jpg','鱼蛋','味道鲜美，口感软嫩弹滑','一串',3,898,101,'',3),
(17,'/upload/17.jpg','韭菜','味道鲜美，口感软嫩弹滑','一串',2,999,0,'',3),
(18,'/upload/18.jpg','馒头','味道鲜美，口感软嫩弹滑','一串',2,999,0,'',3),
(19,'/upload/19.jpg','豆皮','味道鲜美，口感软嫩弹滑','一串',3,959,40,'',3),
(20,'/upload/20.jpg','美汁橙','有滋有味','一瓶',3,999,0,'',4),
(21,'/upload/21.jpg','绿茶','有滋有味','一瓶',3,999,0,'',4),
(22,'/upload/22.jpg','可乐','有滋有味','一瓶',3,985,14,'',4),
(23,'/upload/23.jpg','芬达','有滋有味','一瓶',3,999,0,'',4);

/*Table structure for table `items` */

DROP TABLE IF EXISTS `items`;

CREATE TABLE `items` (
  `id` int(11) NOT NULL AUTO_INCREMENT COMMENT 'ID',
  `price` int(11) NOT NULL DEFAULT '0' COMMENT '购买时价格',
  `amount` int(11) NOT NULL DEFAULT '0' COMMENT '购买数量',
  `order_id` int(11) NOT NULL DEFAULT '0' COMMENT '订单ID',
  `good_id` int(11) NOT NULL DEFAULT '0' COMMENT '商品ID',
  PRIMARY KEY (`id`) USING BTREE
) ENGINE=InnoDB AUTO_INCREMENT=47 DEFAULT CHARSET=utf8 ROW_FORMAT=DYNAMIC COMMENT='订单项';

/*Data for the table `items` */

insert  into `items`(`id`,`price`,`amount`,`order_id`,`good_id`) values 
(1,3,1,1,5),
(2,4,1,1,4),
(3,10,1,1,1),
(17,3,8,10,19),
(18,3,3,11,14),
(19,3,4,11,22),
(20,3,4,11,10),
(21,3,6,11,19),
(22,2,1,11,2),
(23,2,1,12,3),
(24,3,4,12,19),
(25,3,1,13,5),
(26,3,1,14,19),
(27,3,1,15,19),
(28,2,2,16,3),
(29,3,1,17,19),
(30,3,1,18,19),
(31,3,1,19,19),
(32,3,6,20,19),
(33,2,1,21,3),
(34,2,1,22,3),
(35,2,1,23,3),
(36,2,1,24,3),
(37,2,1,25,3),
(38,2,1,26,3),
(39,2,1,27,3),
(40,2,5,28,3),
(41,2,5,29,3),
(42,2,5,30,3),
(43,3,10,31,19),
(44,3,100,32,16),
(45,3,20,33,14),
(46,3,5,34,10);

/*Table structure for table `orders` */

DROP TABLE IF EXISTS `orders`;

CREATE TABLE `orders` (
  `id` int(11) NOT NULL AUTO_INCREMENT COMMENT 'ID',
  `total` int(11) NOT NULL DEFAULT '0' COMMENT '订单金额',
  `amount` int(11) NOT NULL DEFAULT '0' COMMENT '商品总数',
  `status` tinyint(4) NOT NULL DEFAULT '0' COMMENT '订单状态(1未付款/2已付款/3已发货/4已完成)',
  `paytype` tinyint(4) NOT NULL DEFAULT '0' COMMENT '支付方式 (1微信/2支付宝)',
  `name` varchar(255) DEFAULT NULL COMMENT '收货人',
  `phone` varchar(255) DEFAULT NULL COMMENT '收货电话',
  `address` varchar(255) DEFAULT NULL COMMENT '收货地址',
  `systime` datetime DEFAULT NULL COMMENT '下单时间',
  `user_id` int(11) NOT NULL DEFAULT '0' COMMENT '下单用户ID',
  PRIMARY KEY (`id`) USING BTREE
) ENGINE=InnoDB AUTO_INCREMENT=35 DEFAULT CHARSET=utf8 ROW_FORMAT=DYNAMIC COMMENT='订单';

/*Data for the table `orders` */

insert  into `orders`(`id`,`total`,`amount`,`status`,`paytype`,`name`,`phone`,`address`,`systime`,`user_id`) values 
(1,17,3,4,1,'腿哥','17645678901','广州市天河区元岗街道天源路789号','2020-11-21 14:33:25',6),
(10,24,1,3,1,'腿哥','17645678901','广州市天河区元岗街道天源路789号','2020-12-08 15:18:13',6),
(11,53,5,2,1,'腿哥','17645678901','广州市天河区元岗街道天源路789号','2020-12-08 15:40:53',6),
(12,14,2,2,2,'腿哥','17645678901','广州市天河区元岗街道天源路789号','2020-12-08 16:29:59',6),
(13,3,1,1,0,NULL,NULL,NULL,'2020-12-08 16:37:03',6),
(14,3,1,2,1,'腿哥','17645678901','广州市天河区元岗街道天源路789号','2020-12-08 17:23:19',6),
(15,3,1,1,0,NULL,NULL,NULL,'2020-12-08 17:23:35',6),
(16,4,2,1,0,NULL,NULL,NULL,'2020-12-08 17:39:35',6),
(17,3,1,1,0,NULL,NULL,NULL,'2020-12-08 17:43:10',6),
(18,3,1,1,0,NULL,NULL,NULL,'2020-12-08 17:43:12',6),
(19,3,1,1,0,NULL,NULL,NULL,'2020-12-08 17:46:50',6),
(20,18,6,1,0,NULL,NULL,NULL,'2020-12-08 17:46:56',6),
(21,2,1,1,0,NULL,NULL,NULL,'2020-12-08 17:48:14',6),
(22,2,1,1,0,NULL,NULL,NULL,'2020-12-08 17:48:15',6),
(23,2,1,1,0,NULL,NULL,NULL,'2020-12-08 17:48:16',6),
(24,2,1,1,0,NULL,NULL,NULL,'2020-12-08 17:48:16',6),
(25,2,1,1,0,NULL,NULL,NULL,'2020-12-08 17:48:17',6),
(26,2,1,1,0,NULL,NULL,NULL,'2020-12-08 17:48:17',6),
(27,2,1,1,0,NULL,NULL,NULL,'2020-12-08 17:48:17',6),
(28,10,5,1,0,NULL,NULL,NULL,'2020-12-08 17:48:19',6),
(29,10,5,1,0,NULL,NULL,NULL,'2020-12-08 17:48:19',6),
(30,10,5,1,0,NULL,NULL,NULL,'2020-12-08 17:48:20',6),
(31,30,10,1,0,NULL,NULL,NULL,'2020-12-08 17:53:26',6),
(32,300,100,4,2,'腿哥','17645678901','广州市天河区元岗街道天源路789号','2020-12-08 17:54:54',6),
(33,60,20,2,1,'腿哥','17645678901','广州市天河区元岗街道天源路789号','2020-12-08 20:57:05',6),
(34,15,5,2,1,'腿哥','17645678901','广州市天河区元岗街道天源路789号','2020-12-08 20:58:23',6);

/*Table structure for table `tops` */

DROP TABLE IF EXISTS `tops`;

CREATE TABLE `tops` (
  `id` int(11) NOT NULL AUTO_INCREMENT,
  `good_id` int(11) NOT NULL DEFAULT '0' COMMENT '商品ID',
  PRIMARY KEY (`id`) USING BTREE
) ENGINE=InnoDB AUTO_INCREMENT=16 DEFAULT CHARSET=utf8 ROW_FORMAT=DYNAMIC COMMENT='推荐商品';

/*Data for the table `tops` */

insert  into `tops`(`id`,`good_id`) values 
(1,1),
(2,2),
(4,4),
(5,5),
(6,6),
(8,7),
(9,12),
(10,10),
(11,22),
(12,16),
(13,3),
(14,19),
(15,14);

/*Table structure for table `types` */

DROP TABLE IF EXISTS `types`;

CREATE TABLE `types` (
  `id` int(11) NOT NULL AUTO_INCREMENT COMMENT 'ID',
  `name` varchar(50) DEFAULT NULL COMMENT '名称',
  `num` int(11) DEFAULT '0' COMMENT '排序号 (从小到大)',
  PRIMARY KEY (`id`) USING BTREE
) ENGINE=InnoDB AUTO_INCREMENT=5 DEFAULT CHARSET=utf8 ROW_FORMAT=DYNAMIC COMMENT='分类';

/*Data for the table `types` */

insert  into `types`(`id`,`name`,`num`) values 
(1,'海鲜系列',1),
(2,'荤菜系列',2),
(3,'素菜系列',3),
(4,'酒水饮料',4);

/*Table structure for table `users` */

DROP TABLE IF EXISTS `users`;

CREATE TABLE `users` (
  `id` int(11) NOT NULL AUTO_INCREMENT COMMENT 'ID',
  `username` varchar(255) DEFAULT NULL COMMENT '用户名',
  `password` varchar(255) DEFAULT NULL COMMENT '密码',
  `name` varchar(255) DEFAULT NULL COMMENT '收货人',
  `phone` varchar(255) NOT NULL COMMENT '收货电话',
  `address` varchar(255) DEFAULT NULL COMMENT '收货地址',
  `create_time` datetime NOT NULL COMMENT '创建时间',
  `message` varchar(255) DEFAULT NULL COMMENT '个性签名',
  PRIMARY KEY (`id`)
) ENGINE=InnoDB AUTO_INCREMENT=1009 DEFAULT CHARSET=utf8 ROW_FORMAT=DYNAMIC COMMENT='用户';

/*Data for the table `users` */

insert  into `users`(`id`,`username`,`password`,`name`,`phone`,`address`,`create_time`,`message`) values 
(6,'张三1','HAMVRZRssPCADKqGjGWJtQ==','腿哥','17645678901','广州市天河区元岗街道天源路789号','2020-11-10 15:36:38','哈哈哈哈哈哈哈哈哈哈'),
(7,'user2','HAMVRZRssPCADKqGjGWJtQ==','张三2','17645678901','广州市天河区元岗街道天源路789号','2020-11-10 15:36:38',NULL),
(8,'user3','tuShOfiBrA8+br7ENrMS8A==','张三3','17645678901','广州市天河区元岗街道天源路789号','2020-11-10 15:36:38',NULL),
(9,'user4','HAMVRZRssPCADKqGjGWJtQ==','张三4','17645678901','广州市天河区元岗街道天源路789号','2020-11-10 15:36:38',NULL),
(10,'user5','HAMVRZRssPCADKqGjGWJtQ==','张三5','17645678901','广州市天河区元岗街道天源路789号','2020-11-10 15:36:38',NULL),
(11,'user6','HAMVRZRssPCADKqGjGWJtQ==','张三6','17645678901','广州市天河区元岗街道天源路789号','2020-11-10 15:36:38',NULL),
(12,'user7','HAMVRZRssPCADKqGjGWJtQ==','张三7','17645678901','广州市天河区元岗街道天源路789号','2020-11-10 15:36:38',NULL),
(13,'user8','HAMVRZRssPCADKqGjGWJtQ==','张三8','17645678901','广州市天河区元岗街道天源路789号','2020-11-10 15:36:38',NULL),
(14,'user9','HAMVRZRssPCADKqGjGWJtQ==','张三9','17645678901','广州市天河区元岗街道天源路789号','2020-11-10 15:36:38',NULL),
(15,'user10','HAMVRZRssPCADKqGjGWJtQ==','张三10','17645678901','广州市天河区元岗街道天源路789号','2020-11-10 15:36:38',NULL),
(16,'user11','HAMVRZRssPCADKqGjGWJtQ==','张三11','17645678901','广州市天河区元岗街道天源路789号','2020-11-10 15:36:38',NULL),
(17,'user12','HAMVRZRssPCADKqGjGWJtQ==','张三12','17645678901','广州市天河区元岗街道天源路789号','2020-11-10 15:36:38',NULL),
(18,'user13','HAMVRZRssPCADKqGjGWJtQ==','张三13','17645678901','广州市天河区元岗街道天源路789号','2020-11-10 15:36:38',NULL),
(19,'user14','HAMVRZRssPCADKqGjGWJtQ==','张三14','17645678901','广州市天河区元岗街道天源路789号','2020-11-10 15:36:38',NULL),
(20,'user15','HAMVRZRssPCADKqGjGWJtQ==','张三15','17645678901','广州市天河区元岗街道天源路789号','2020-11-10 15:36:38',NULL),
(21,'user16','HAMVRZRssPCADKqGjGWJtQ==','张三16','17645678901','广州市天河区元岗街道天源路789号','2020-11-10 15:36:38',NULL),
(22,'user17','HAMVRZRssPCADKqGjGWJtQ==','张三17','17645678901','广州市天河区元岗街道天源路789号','2020-11-10 15:36:38',NULL),
(23,'user18','HAMVRZRssPCADKqGjGWJtQ==','张三18','17645678901','广州市天河区元岗街道天源路789号','2020-11-10 15:36:38',NULL),
(24,'user19','HAMVRZRssPCADKqGjGWJtQ==','张三19','17645678901','广州市天河区元岗街道天源路789号','2020-11-10 15:36:38',NULL),
(25,'user20','HAMVRZRssPCADKqGjGWJtQ==','张三20','17645678901','广州市天河区元岗街道天源路789号','2020-11-10 15:36:38',NULL),
(26,'user21','HAMVRZRssPCADKqGjGWJtQ==','张三21','17645678901','广州市天河区元岗街道天源路789号','2020-11-10 15:36:38',NULL),
(27,'user22','HAMVRZRssPCADKqGjGWJtQ==','张三22','17645678901','广州市天河区元岗街道天源路789号','2020-11-10 15:36:38',NULL),
(28,'user23','HAMVRZRssPCADKqGjGWJtQ==','张三23','17645678901','广州市天河区元岗街道天源路789号','2020-11-10 15:36:38',NULL),
(29,'user24','HAMVRZRssPCADKqGjGWJtQ==','张三24','17645678901','广州市天河区元岗街道天源路789号','2020-11-10 15:36:38',NULL),
(30,'user25','HAMVRZRssPCADKqGjGWJtQ==','张三25','17645678901','广州市天河区元岗街道天源路789号','2020-11-10 15:36:38',NULL),
(31,'user26','HAMVRZRssPCADKqGjGWJtQ==','张三26','17645678901','广州市天河区元岗街道天源路789号','2020-11-10 15:36:38',NULL),
(32,'user27','HAMVRZRssPCADKqGjGWJtQ==','张三27','17645678901','广州市天河区元岗街道天源路789号','2020-11-10 15:36:38',NULL),
(33,'user28','HAMVRZRssPCADKqGjGWJtQ==','张三28','17645678901','广州市天河区元岗街道天源路789号','2020-11-10 15:36:38',NULL),
(34,'user29','HAMVRZRssPCADKqGjGWJtQ==','张三29','17645678901','广州市天河区元岗街道天源路789号','2020-11-10 15:36:38',NULL),
(35,'user30','HAMVRZRssPCADKqGjGWJtQ==','张三30','17645678901','广州市天河区元岗街道天源路789号','2020-11-10 15:36:38',NULL),
(36,'user31','HAMVRZRssPCADKqGjGWJtQ==','张三31','17645678901','广州市天河区元岗街道天源路789号','2020-11-10 15:36:38',NULL),
(37,'user32','HAMVRZRssPCADKqGjGWJtQ==','张三32','17645678901','广州市天河区元岗街道天源路789号','2020-11-10 15:36:38',NULL),
(38,'user33','HAMVRZRssPCADKqGjGWJtQ==','张三33','17645678901','广州市天河区元岗街道天源路789号','2020-11-10 15:36:38',NULL),
(39,'user34','HAMVRZRssPCADKqGjGWJtQ==','张三34','17645678901','广州市天河区元岗街道天源路789号','2020-11-10 15:36:38',NULL),
(40,'user35','HAMVRZRssPCADKqGjGWJtQ==','张三35','17645678901','广州市天河区元岗街道天源路789号','2020-11-10 15:36:38',NULL),
(41,'user36','HAMVRZRssPCADKqGjGWJtQ==','张三36','17645678901','广州市天河区元岗街道天源路789号','2020-11-10 15:36:38',NULL),
(42,'user37','HAMVRZRssPCADKqGjGWJtQ==','张三37','17645678901','广州市天河区元岗街道天源路789号','2020-11-10 15:36:38',NULL),
(43,'user38','HAMVRZRssPCADKqGjGWJtQ==','张三38','17645678901','广州市天河区元岗街道天源路789号','2020-11-10 15:36:38',NULL),
(44,'user39','HAMVRZRssPCADKqGjGWJtQ==','张三39','17645678901','广州市天河区元岗街道天源路789号','2020-11-10 15:36:38',NULL),
(45,'user40','HAMVRZRssPCADKqGjGWJtQ==','张三40','17645678901','广州市天河区元岗街道天源路789号','2020-11-10 15:36:38',NULL),
(46,'user41','HAMVRZRssPCADKqGjGWJtQ==','张三41','17645678901','广州市天河区元岗街道天源路789号','2020-11-10 15:36:38',NULL),
(47,'user42','HAMVRZRssPCADKqGjGWJtQ==','张三42','17645678901','广州市天河区元岗街道天源路789号','2020-11-10 15:36:38',NULL),
(48,'user43','HAMVRZRssPCADKqGjGWJtQ==','张三43','17645678901','广州市天河区元岗街道天源路789号','2020-11-10 15:36:38',NULL),
(49,'user44','HAMVRZRssPCADKqGjGWJtQ==','张三44','17645678901','广州市天河区元岗街道天源路789号','2020-11-10 15:36:38',NULL),
(50,'user45','HAMVRZRssPCADKqGjGWJtQ==','张三45','17645678901','广州市天河区元岗街道天源路789号','2020-11-10 15:36:39',NULL),
(51,'user46','HAMVRZRssPCADKqGjGWJtQ==','张三46','17645678901','广州市天河区元岗街道天源路789号','2020-11-10 15:36:39',NULL),
(52,'user47','HAMVRZRssPCADKqGjGWJtQ==','张三47','17645678901','广州市天河区元岗街道天源路789号','2020-11-10 15:36:39',NULL),
(53,'user48','HAMVRZRssPCADKqGjGWJtQ==','张三48','17645678901','广州市天河区元岗街道天源路789号','2020-11-10 15:36:39',NULL),
(54,'user49','HAMVRZRssPCADKqGjGWJtQ==','张三49','17645678901','广州市天河区元岗街道天源路789号','2020-11-10 15:36:39',NULL),
(55,'user50','HAMVRZRssPCADKqGjGWJtQ==','张三50','17645678901','广州市天河区元岗街道天源路789号','2020-11-10 15:36:39',NULL),
(56,'user51','HAMVRZRssPCADKqGjGWJtQ==','张三51','17645678901','广州市天河区元岗街道天源路789号','2020-11-10 15:36:39',NULL),
(57,'user52','HAMVRZRssPCADKqGjGWJtQ==','张三52','17645678901','广州市天河区元岗街道天源路789号','2020-11-10 15:36:39',NULL),
(58,'user53','HAMVRZRssPCADKqGjGWJtQ==','张三53','17645678901','广州市天河区元岗街道天源路789号','2020-11-10 15:36:39',NULL),
(59,'user54','HAMVRZRssPCADKqGjGWJtQ==','张三54','17645678901','广州市天河区元岗街道天源路789号','2020-11-10 15:36:39',NULL),
(60,'user55','HAMVRZRssPCADKqGjGWJtQ==','张三55','17645678901','广州市天河区元岗街道天源路789号','2020-11-10 15:36:39',NULL),
(61,'user56','HAMVRZRssPCADKqGjGWJtQ==','张三56','17645678901','广州市天河区元岗街道天源路789号','2020-11-10 15:36:39',NULL),
(62,'user57','HAMVRZRssPCADKqGjGWJtQ==','张三57','17645678901','广州市天河区元岗街道天源路789号','2020-11-10 15:36:39',NULL),
(63,'user58','HAMVRZRssPCADKqGjGWJtQ==','张三58','17645678901','广州市天河区元岗街道天源路789号','2020-11-10 15:36:39',NULL),
(64,'user59','HAMVRZRssPCADKqGjGWJtQ==','张三59','17645678901','广州市天河区元岗街道天源路789号','2020-11-10 15:36:39',NULL),
(65,'user60','HAMVRZRssPCADKqGjGWJtQ==','张三60','17645678901','广州市天河区元岗街道天源路789号','2020-11-10 15:36:39',NULL),
(66,'user61','HAMVRZRssPCADKqGjGWJtQ==','张三61','17645678901','广州市天河区元岗街道天源路789号','2020-11-10 15:36:39',NULL),
(67,'user62','HAMVRZRssPCADKqGjGWJtQ==','张三62','17645678901','广州市天河区元岗街道天源路789号','2020-11-10 15:36:39',NULL),
(68,'user63','HAMVRZRssPCADKqGjGWJtQ==','张三63','17645678901','广州市天河区元岗街道天源路789号','2020-11-10 15:36:39',NULL),
(69,'user64','HAMVRZRssPCADKqGjGWJtQ==','张三64','17645678901','广州市天河区元岗街道天源路789号','2020-11-10 15:36:39',NULL),
(70,'user65','HAMVRZRssPCADKqGjGWJtQ==','张三65','17645678901','广州市天河区元岗街道天源路789号','2020-11-10 15:36:39',NULL),
(71,'user66','HAMVRZRssPCADKqGjGWJtQ==','张三66','17645678901','广州市天河区元岗街道天源路789号','2020-11-10 15:36:39',NULL),
(72,'user67','HAMVRZRssPCADKqGjGWJtQ==','张三67','17645678901','广州市天河区元岗街道天源路789号','2020-11-10 15:36:39',NULL),
(73,'user68','HAMVRZRssPCADKqGjGWJtQ==','张三68','17645678901','广州市天河区元岗街道天源路789号','2020-11-10 15:36:39',NULL),
(74,'user69','HAMVRZRssPCADKqGjGWJtQ==','张三69','17645678901','广州市天河区元岗街道天源路789号','2020-11-10 15:36:39',NULL),
(75,'user70','HAMVRZRssPCADKqGjGWJtQ==','张三70','17645678901','广州市天河区元岗街道天源路789号','2020-11-10 15:36:39',NULL),
(76,'user71','HAMVRZRssPCADKqGjGWJtQ==','张三71','17645678901','广州市天河区元岗街道天源路789号','2020-11-10 15:36:39',NULL),
(77,'user72','HAMVRZRssPCADKqGjGWJtQ==','张三72','17645678901','广州市天河区元岗街道天源路789号','2020-11-10 15:36:39',NULL),
(78,'user73','HAMVRZRssPCADKqGjGWJtQ==','张三73','17645678901','广州市天河区元岗街道天源路789号','2020-11-10 15:36:39',NULL),
(79,'user74','HAMVRZRssPCADKqGjGWJtQ==','张三74','17645678901','广州市天河区元岗街道天源路789号','2020-11-10 15:36:39',NULL),
(80,'user75','HAMVRZRssPCADKqGjGWJtQ==','张三75','17645678901','广州市天河区元岗街道天源路789号','2020-11-10 15:36:39',NULL),
(81,'user76','HAMVRZRssPCADKqGjGWJtQ==','张三76','17645678901','广州市天河区元岗街道天源路789号','2020-11-10 15:36:39',NULL),
(82,'user77','HAMVRZRssPCADKqGjGWJtQ==','张三77','17645678901','广州市天河区元岗街道天源路789号','2020-11-10 15:36:39',NULL),
(83,'user78','HAMVRZRssPCADKqGjGWJtQ==','张三78','17645678901','广州市天河区元岗街道天源路789号','2020-11-10 15:36:39',NULL),
(84,'user79','HAMVRZRssPCADKqGjGWJtQ==','张三79','17645678901','广州市天河区元岗街道天源路789号','2020-11-10 15:36:39',NULL),
(85,'user80','HAMVRZRssPCADKqGjGWJtQ==','张三80','17645678901','广州市天河区元岗街道天源路789号','2020-11-10 15:36:39',NULL),
(86,'user81','HAMVRZRssPCADKqGjGWJtQ==','张三81','17645678901','广州市天河区元岗街道天源路789号','2020-11-10 15:36:39',NULL),
(87,'user82','HAMVRZRssPCADKqGjGWJtQ==','张三82','17645678901','广州市天河区元岗街道天源路789号','2020-11-10 15:36:39',NULL),
(88,'user83','HAMVRZRssPCADKqGjGWJtQ==','张三83','17645678901','广州市天河区元岗街道天源路789号','2020-11-10 15:36:39',NULL),
(89,'user84','HAMVRZRssPCADKqGjGWJtQ==','张三84','17645678901','广州市天河区元岗街道天源路789号','2020-11-10 15:36:39',NULL),
(90,'user85','HAMVRZRssPCADKqGjGWJtQ==','张三85','17645678901','广州市天河区元岗街道天源路789号','2020-11-10 15:36:39',NULL),
(91,'user86','HAMVRZRssPCADKqGjGWJtQ==','张三86','17645678901','广州市天河区元岗街道天源路789号','2020-11-10 15:36:39',NULL),
(92,'user87','HAMVRZRssPCADKqGjGWJtQ==','张三87','17645678901','广州市天河区元岗街道天源路789号','2020-11-10 15:36:39',NULL),
(93,'user88','HAMVRZRssPCADKqGjGWJtQ==','张三88','17645678901','广州市天河区元岗街道天源路789号','2020-11-10 15:36:39',NULL),
(94,'user89','HAMVRZRssPCADKqGjGWJtQ==','张三89','17645678901','广州市天河区元岗街道天源路789号','2020-11-10 15:36:39',NULL),
(95,'user90','HAMVRZRssPCADKqGjGWJtQ==','张三90','17645678901','广州市天河区元岗街道天源路789号','2020-11-10 15:36:39',NULL),
(96,'user91','HAMVRZRssPCADKqGjGWJtQ==','张三91','17645678901','广州市天河区元岗街道天源路789号','2020-11-10 15:36:39',NULL),
(97,'user92','HAMVRZRssPCADKqGjGWJtQ==','张三92','17645678901','广州市天河区元岗街道天源路789号','2020-11-10 15:36:39',NULL),
(98,'user93','HAMVRZRssPCADKqGjGWJtQ==','张三93','17645678901','广州市天河区元岗街道天源路789号','2020-11-10 15:36:39',NULL),
(99,'user94','HAMVRZRssPCADKqGjGWJtQ==','张三94','17645678901','广州市天河区元岗街道天源路789号','2020-11-10 15:36:39',NULL),
(100,'user95','HAMVRZRssPCADKqGjGWJtQ==','张三95','17645678901','广州市天河区元岗街道天源路789号','2020-11-10 15:36:39',NULL),
(101,'user96','HAMVRZRssPCADKqGjGWJtQ==','张三96','17645678901','广州市天河区元岗街道天源路789号','2020-11-10 15:36:39',NULL),
(102,'user97','HAMVRZRssPCADKqGjGWJtQ==','张三97','17645678901','广州市天河区元岗街道天源路789号','2020-11-10 15:36:39',NULL),
(103,'user98','HAMVRZRssPCADKqGjGWJtQ==','张三98','17645678901','广州市天河区元岗街道天源路789号','2020-11-10 15:36:39',NULL),
(104,'user99','HAMVRZRssPCADKqGjGWJtQ==','张三99','17645678901','广州市天河区元岗街道天源路789号','2020-11-10 15:36:39',NULL),
(105,'user100','HAMVRZRssPCADKqGjGWJtQ==','张三100','17645678901','广州市天河区元岗街道天源路789号','2020-11-10 15:36:39',NULL),
(106,'user101','HAMVRZRssPCADKqGjGWJtQ==','张三101','17645678901','广州市天河区元岗街道天源路789号','2020-11-10 15:36:39',NULL),
(107,'user102','HAMVRZRssPCADKqGjGWJtQ==','张三102','17645678901','广州市天河区元岗街道天源路789号','2020-11-10 15:36:39',NULL),
(108,'user103','HAMVRZRssPCADKqGjGWJtQ==','张三103','17645678901','广州市天河区元岗街道天源路789号','2020-11-10 15:36:39',NULL),
(109,'user104','HAMVRZRssPCADKqGjGWJtQ==','张三104','17645678901','广州市天河区元岗街道天源路789号','2020-11-10 15:36:39',NULL),
(110,'user105','HAMVRZRssPCADKqGjGWJtQ==','张三105','17645678901','广州市天河区元岗街道天源路789号','2020-11-10 15:36:39',NULL),
(111,'user106','HAMVRZRssPCADKqGjGWJtQ==','张三106','17645678901','广州市天河区元岗街道天源路789号','2020-11-10 15:36:39',NULL),
(112,'user107','HAMVRZRssPCADKqGjGWJtQ==','张三107','17645678901','广州市天河区元岗街道天源路789号','2020-11-10 15:36:39',NULL),
(113,'user108','HAMVRZRssPCADKqGjGWJtQ==','张三108','17645678901','广州市天河区元岗街道天源路789号','2020-11-10 15:36:39',NULL),
(114,'user109','HAMVRZRssPCADKqGjGWJtQ==','张三109','17645678901','广州市天河区元岗街道天源路789号','2020-11-10 15:36:39',NULL),
(115,'user110','HAMVRZRssPCADKqGjGWJtQ==','张三110','17645678901','广州市天河区元岗街道天源路789号','2020-11-10 15:36:39',NULL),
(116,'user111','HAMVRZRssPCADKqGjGWJtQ==','张三111','17645678901','广州市天河区元岗街道天源路789号','2020-11-10 15:36:39',NULL),
(117,'user112','HAMVRZRssPCADKqGjGWJtQ==','张三112','17645678901','广州市天河区元岗街道天源路789号','2020-11-10 15:36:39',NULL),
(118,'user113','HAMVRZRssPCADKqGjGWJtQ==','张三113','17645678901','广州市天河区元岗街道天源路789号','2020-11-10 15:36:39',NULL),
(119,'user114','HAMVRZRssPCADKqGjGWJtQ==','张三114','17645678901','广州市天河区元岗街道天源路789号','2020-11-10 15:36:39',NULL),
(120,'user115','HAMVRZRssPCADKqGjGWJtQ==','张三115','17645678901','广州市天河区元岗街道天源路789号','2020-11-10 15:36:39',NULL),
(121,'user116','HAMVRZRssPCADKqGjGWJtQ==','张三116','17645678901','广州市天河区元岗街道天源路789号','2020-11-10 15:36:39',NULL),
(122,'user117','HAMVRZRssPCADKqGjGWJtQ==','张三117','17645678901','广州市天河区元岗街道天源路789号','2020-11-10 15:36:39',NULL),
(123,'user118','HAMVRZRssPCADKqGjGWJtQ==','张三118','17645678901','广州市天河区元岗街道天源路789号','2020-11-10 15:36:39',NULL),
(124,'user119','HAMVRZRssPCADKqGjGWJtQ==','张三119','17645678901','广州市天河区元岗街道天源路789号','2020-11-10 15:36:39',NULL),
(125,'user120','HAMVRZRssPCADKqGjGWJtQ==','张三120','17645678901','广州市天河区元岗街道天源路789号','2020-11-10 15:36:39',NULL),
(126,'user121','HAMVRZRssPCADKqGjGWJtQ==','张三121','17645678901','广州市天河区元岗街道天源路789号','2020-11-10 15:36:39',NULL),
(127,'user122','HAMVRZRssPCADKqGjGWJtQ==','张三122','17645678901','广州市天河区元岗街道天源路789号','2020-11-10 15:36:39',NULL),
(128,'user123','HAMVRZRssPCADKqGjGWJtQ==','张三123','17645678901','广州市天河区元岗街道天源路789号','2020-11-10 15:36:39',NULL),
(129,'user124','HAMVRZRssPCADKqGjGWJtQ==','张三124','17645678901','广州市天河区元岗街道天源路789号','2020-11-10 15:36:39',NULL),
(130,'user125','HAMVRZRssPCADKqGjGWJtQ==','张三125','17645678901','广州市天河区元岗街道天源路789号','2020-11-10 15:36:39',NULL),
(131,'user126','HAMVRZRssPCADKqGjGWJtQ==','张三126','17645678901','广州市天河区元岗街道天源路789号','2020-11-10 15:36:39',NULL),
(132,'user127','HAMVRZRssPCADKqGjGWJtQ==','张三127','17645678901','广州市天河区元岗街道天源路789号','2020-11-10 15:36:39',NULL),
(133,'user128','HAMVRZRssPCADKqGjGWJtQ==','张三128','17645678901','广州市天河区元岗街道天源路789号','2020-11-10 15:36:39',NULL),
(134,'user129','HAMVRZRssPCADKqGjGWJtQ==','张三129','17645678901','广州市天河区元岗街道天源路789号','2020-11-10 15:36:39',NULL),
(135,'user130','HAMVRZRssPCADKqGjGWJtQ==','张三130','17645678901','广州市天河区元岗街道天源路789号','2020-11-10 15:36:39',NULL),
(136,'user131','HAMVRZRssPCADKqGjGWJtQ==','张三131','17645678901','广州市天河区元岗街道天源路789号','2020-11-10 15:36:39',NULL),
(137,'user132','HAMVRZRssPCADKqGjGWJtQ==','张三132','17645678901','广州市天河区元岗街道天源路789号','2020-11-10 15:36:39',NULL),
(138,'user133','HAMVRZRssPCADKqGjGWJtQ==','张三133','17645678901','广州市天河区元岗街道天源路789号','2020-11-10 15:36:39',NULL),
(139,'user134','HAMVRZRssPCADKqGjGWJtQ==','张三134','17645678901','广州市天河区元岗街道天源路789号','2020-11-10 15:36:39',NULL),
(140,'user135','HAMVRZRssPCADKqGjGWJtQ==','张三135','17645678901','广州市天河区元岗街道天源路789号','2020-11-10 15:36:39',NULL),
(141,'user136','HAMVRZRssPCADKqGjGWJtQ==','张三136','17645678901','广州市天河区元岗街道天源路789号','2020-11-10 15:36:39',NULL),
(142,'user137','HAMVRZRssPCADKqGjGWJtQ==','张三137','17645678901','广州市天河区元岗街道天源路789号','2020-11-10 15:36:39',NULL),
(143,'user138','HAMVRZRssPCADKqGjGWJtQ==','张三138','17645678901','广州市天河区元岗街道天源路789号','2020-11-10 15:36:39',NULL),
(144,'user139','HAMVRZRssPCADKqGjGWJtQ==','张三139','17645678901','广州市天河区元岗街道天源路789号','2020-11-10 15:36:39',NULL),
(145,'user140','HAMVRZRssPCADKqGjGWJtQ==','张三140','17645678901','广州市天河区元岗街道天源路789号','2020-11-10 15:36:39',NULL),
(146,'user141','HAMVRZRssPCADKqGjGWJtQ==','张三141','17645678901','广州市天河区元岗街道天源路789号','2020-11-10 15:36:39',NULL),
(147,'user142','HAMVRZRssPCADKqGjGWJtQ==','张三142','17645678901','广州市天河区元岗街道天源路789号','2020-11-10 15:36:39',NULL),
(148,'user143','HAMVRZRssPCADKqGjGWJtQ==','张三143','17645678901','广州市天河区元岗街道天源路789号','2020-11-10 15:36:39',NULL),
(149,'user144','HAMVRZRssPCADKqGjGWJtQ==','张三144','17645678901','广州市天河区元岗街道天源路789号','2020-11-10 15:36:39',NULL),
(150,'user145','HAMVRZRssPCADKqGjGWJtQ==','张三145','17645678901','广州市天河区元岗街道天源路789号','2020-11-10 15:36:39',NULL),
(151,'user146','HAMVRZRssPCADKqGjGWJtQ==','张三146','17645678901','广州市天河区元岗街道天源路789号','2020-11-10 15:36:39',NULL),
(152,'user147','HAMVRZRssPCADKqGjGWJtQ==','张三147','17645678901','广州市天河区元岗街道天源路789号','2020-11-10 15:36:39',NULL),
(153,'user148','HAMVRZRssPCADKqGjGWJtQ==','张三148','17645678901','广州市天河区元岗街道天源路789号','2020-11-10 15:36:39',NULL),
(154,'user149','HAMVRZRssPCADKqGjGWJtQ==','张三149','17645678901','广州市天河区元岗街道天源路789号','2020-11-10 15:36:39',NULL),
(155,'user150','HAMVRZRssPCADKqGjGWJtQ==','张三150','17645678901','广州市天河区元岗街道天源路789号','2020-11-10 15:36:39',NULL),
(156,'user151','HAMVRZRssPCADKqGjGWJtQ==','张三151','17645678901','广州市天河区元岗街道天源路789号','2020-11-10 15:36:39',NULL),
(157,'user152','HAMVRZRssPCADKqGjGWJtQ==','张三152','17645678901','广州市天河区元岗街道天源路789号','2020-11-10 15:36:39',NULL),
(158,'user153','HAMVRZRssPCADKqGjGWJtQ==','张三153','17645678901','广州市天河区元岗街道天源路789号','2020-11-10 15:36:39',NULL),
(159,'user154','HAMVRZRssPCADKqGjGWJtQ==','张三154','17645678901','广州市天河区元岗街道天源路789号','2020-11-10 15:36:39',NULL),
(160,'user155','HAMVRZRssPCADKqGjGWJtQ==','张三155','17645678901','广州市天河区元岗街道天源路789号','2020-11-10 15:36:39',NULL),
(161,'user156','HAMVRZRssPCADKqGjGWJtQ==','张三156','17645678901','广州市天河区元岗街道天源路789号','2020-11-10 15:36:39',NULL),
(162,'user157','HAMVRZRssPCADKqGjGWJtQ==','张三157','17645678901','广州市天河区元岗街道天源路789号','2020-11-10 15:36:39',NULL),
(163,'user158','HAMVRZRssPCADKqGjGWJtQ==','张三158','17645678901','广州市天河区元岗街道天源路789号','2020-11-10 15:36:39',NULL),
(164,'user159','HAMVRZRssPCADKqGjGWJtQ==','张三159','17645678901','广州市天河区元岗街道天源路789号','2020-11-10 15:36:39',NULL),
(165,'user160','HAMVRZRssPCADKqGjGWJtQ==','张三160','17645678901','广州市天河区元岗街道天源路789号','2020-11-10 15:36:39',NULL),
(166,'user161','HAMVRZRssPCADKqGjGWJtQ==','张三161','17645678901','广州市天河区元岗街道天源路789号','2020-11-10 15:36:39',NULL),
(167,'user162','HAMVRZRssPCADKqGjGWJtQ==','张三162','17645678901','广州市天河区元岗街道天源路789号','2020-11-10 15:36:39',NULL),
(168,'user163','HAMVRZRssPCADKqGjGWJtQ==','张三163','17645678901','广州市天河区元岗街道天源路789号','2020-11-10 15:36:39',NULL),
(169,'user164','HAMVRZRssPCADKqGjGWJtQ==','张三164','17645678901','广州市天河区元岗街道天源路789号','2020-11-10 15:36:39',NULL),
(170,'user165','HAMVRZRssPCADKqGjGWJtQ==','张三165','17645678901','广州市天河区元岗街道天源路789号','2020-11-10 15:36:39',NULL),
(171,'user166','HAMVRZRssPCADKqGjGWJtQ==','张三166','17645678901','广州市天河区元岗街道天源路789号','2020-11-10 15:36:39',NULL),
(172,'user167','HAMVRZRssPCADKqGjGWJtQ==','张三167','17645678901','广州市天河区元岗街道天源路789号','2020-11-10 15:36:39',NULL),
(173,'user168','HAMVRZRssPCADKqGjGWJtQ==','张三168','17645678901','广州市天河区元岗街道天源路789号','2020-11-10 15:36:39',NULL),
(174,'user169','HAMVRZRssPCADKqGjGWJtQ==','张三169','17645678901','广州市天河区元岗街道天源路789号','2020-11-10 15:36:39',NULL),
(175,'user170','HAMVRZRssPCADKqGjGWJtQ==','张三170','17645678901','广州市天河区元岗街道天源路789号','2020-11-10 15:36:39',NULL),
(176,'user171','HAMVRZRssPCADKqGjGWJtQ==','张三171','17645678901','广州市天河区元岗街道天源路789号','2020-11-10 15:36:39',NULL),
(177,'user172','HAMVRZRssPCADKqGjGWJtQ==','张三172','17645678901','广州市天河区元岗街道天源路789号','2020-11-10 15:36:39',NULL),
(178,'user173','HAMVRZRssPCADKqGjGWJtQ==','张三173','17645678901','广州市天河区元岗街道天源路789号','2020-11-10 15:36:39',NULL),
(179,'user174','HAMVRZRssPCADKqGjGWJtQ==','张三174','17645678901','广州市天河区元岗街道天源路789号','2020-11-10 15:36:39',NULL),
(180,'user175','HAMVRZRssPCADKqGjGWJtQ==','张三175','17645678901','广州市天河区元岗街道天源路789号','2020-11-10 15:36:39',NULL),
(181,'user176','HAMVRZRssPCADKqGjGWJtQ==','张三176','17645678901','广州市天河区元岗街道天源路789号','2020-11-10 15:36:39',NULL),
(182,'user177','HAMVRZRssPCADKqGjGWJtQ==','张三177','17645678901','广州市天河区元岗街道天源路789号','2020-11-10 15:36:39',NULL),
(183,'user178','HAMVRZRssPCADKqGjGWJtQ==','张三178','17645678901','广州市天河区元岗街道天源路789号','2020-11-10 15:36:39',NULL),
(184,'user179','HAMVRZRssPCADKqGjGWJtQ==','张三179','17645678901','广州市天河区元岗街道天源路789号','2020-11-10 15:36:39',NULL),
(185,'user180','HAMVRZRssPCADKqGjGWJtQ==','张三180','17645678901','广州市天河区元岗街道天源路789号','2020-11-10 15:36:39',NULL),
(186,'user181','HAMVRZRssPCADKqGjGWJtQ==','张三181','17645678901','广州市天河区元岗街道天源路789号','2020-11-10 15:36:39',NULL),
(187,'user182','HAMVRZRssPCADKqGjGWJtQ==','张三182','17645678901','广州市天河区元岗街道天源路789号','2020-11-10 15:36:39',NULL),
(188,'user183','HAMVRZRssPCADKqGjGWJtQ==','张三183','17645678901','广州市天河区元岗街道天源路789号','2020-11-10 15:36:39',NULL),
(189,'user184','HAMVRZRssPCADKqGjGWJtQ==','张三184','17645678901','广州市天河区元岗街道天源路789号','2020-11-10 15:36:39',NULL),
(190,'user185','HAMVRZRssPCADKqGjGWJtQ==','张三185','17645678901','广州市天河区元岗街道天源路789号','2020-11-10 15:36:39',NULL),
(191,'user186','HAMVRZRssPCADKqGjGWJtQ==','张三186','17645678901','广州市天河区元岗街道天源路789号','2020-11-10 15:36:39',NULL),
(192,'user187','HAMVRZRssPCADKqGjGWJtQ==','张三187','17645678901','广州市天河区元岗街道天源路789号','2020-11-10 15:36:39',NULL),
(193,'user188','HAMVRZRssPCADKqGjGWJtQ==','张三188','17645678901','广州市天河区元岗街道天源路789号','2020-11-10 15:36:39',NULL),
(194,'user189','HAMVRZRssPCADKqGjGWJtQ==','张三189','17645678901','广州市天河区元岗街道天源路789号','2020-11-10 15:36:39',NULL),
(195,'user190','HAMVRZRssPCADKqGjGWJtQ==','张三190','17645678901','广州市天河区元岗街道天源路789号','2020-11-10 15:36:39',NULL),
(196,'user191','HAMVRZRssPCADKqGjGWJtQ==','张三191','17645678901','广州市天河区元岗街道天源路789号','2020-11-10 15:36:39',NULL),
(197,'user192','HAMVRZRssPCADKqGjGWJtQ==','张三192','17645678901','广州市天河区元岗街道天源路789号','2020-11-10 15:36:39',NULL),
(198,'user193','HAMVRZRssPCADKqGjGWJtQ==','张三193','17645678901','广州市天河区元岗街道天源路789号','2020-11-10 15:36:39',NULL),
(199,'user194','HAMVRZRssPCADKqGjGWJtQ==','张三194','17645678901','广州市天河区元岗街道天源路789号','2020-11-10 15:36:39',NULL),
(200,'user195','HAMVRZRssPCADKqGjGWJtQ==','张三195','17645678901','广州市天河区元岗街道天源路789号','2020-11-10 15:36:39',NULL),
(201,'user196','HAMVRZRssPCADKqGjGWJtQ==','张三196','17645678901','广州市天河区元岗街道天源路789号','2020-11-10 15:36:39',NULL),
(202,'user197','HAMVRZRssPCADKqGjGWJtQ==','张三197','17645678901','广州市天河区元岗街道天源路789号','2020-11-10 15:36:39',NULL),
(203,'user198','HAMVRZRssPCADKqGjGWJtQ==','张三198','17645678901','广州市天河区元岗街道天源路789号','2020-11-10 15:36:39',NULL),
(204,'user199','HAMVRZRssPCADKqGjGWJtQ==','张三199','17645678901','广州市天河区元岗街道天源路789号','2020-11-10 15:36:39',NULL),
(205,'user200','HAMVRZRssPCADKqGjGWJtQ==','张三200','17645678901','广州市天河区元岗街道天源路789号','2020-11-10 15:36:39',NULL),
(206,'user201','HAMVRZRssPCADKqGjGWJtQ==','张三201','17645678901','广州市天河区元岗街道天源路789号','2020-11-10 15:36:39',NULL),
(207,'user202','HAMVRZRssPCADKqGjGWJtQ==','张三202','17645678901','广州市天河区元岗街道天源路789号','2020-11-10 15:36:39',NULL),
(208,'user203','HAMVRZRssPCADKqGjGWJtQ==','张三203','17645678901','广州市天河区元岗街道天源路789号','2020-11-10 15:36:39',NULL),
(209,'user204','HAMVRZRssPCADKqGjGWJtQ==','张三204','17645678901','广州市天河区元岗街道天源路789号','2020-11-10 15:36:39',NULL),
(210,'user205','HAMVRZRssPCADKqGjGWJtQ==','张三205','17645678901','广州市天河区元岗街道天源路789号','2020-11-10 15:36:39',NULL),
(211,'user206','HAMVRZRssPCADKqGjGWJtQ==','张三206','17645678901','广州市天河区元岗街道天源路789号','2020-11-10 15:36:39',NULL),
(212,'user207','HAMVRZRssPCADKqGjGWJtQ==','张三207','17645678901','广州市天河区元岗街道天源路789号','2020-11-10 15:36:39',NULL),
(213,'user208','HAMVRZRssPCADKqGjGWJtQ==','张三208','17645678901','广州市天河区元岗街道天源路789号','2020-11-10 15:36:39',NULL),
(214,'user209','HAMVRZRssPCADKqGjGWJtQ==','张三209','17645678901','广州市天河区元岗街道天源路789号','2020-11-10 15:36:39',NULL),
(215,'user210','HAMVRZRssPCADKqGjGWJtQ==','张三210','17645678901','广州市天河区元岗街道天源路789号','2020-11-10 15:36:39',NULL),
(216,'user211','HAMVRZRssPCADKqGjGWJtQ==','张三211','17645678901','广州市天河区元岗街道天源路789号','2020-11-10 15:36:39',NULL),
(217,'user212','HAMVRZRssPCADKqGjGWJtQ==','张三212','17645678901','广州市天河区元岗街道天源路789号','2020-11-10 15:36:39',NULL),
(218,'user213','HAMVRZRssPCADKqGjGWJtQ==','张三213','17645678901','广州市天河区元岗街道天源路789号','2020-11-10 15:36:39',NULL),
(219,'user214','HAMVRZRssPCADKqGjGWJtQ==','张三214','17645678901','广州市天河区元岗街道天源路789号','2020-11-10 15:36:39',NULL),
(220,'user215','HAMVRZRssPCADKqGjGWJtQ==','张三215','17645678901','广州市天河区元岗街道天源路789号','2020-11-10 15:36:39',NULL),
(221,'user216','HAMVRZRssPCADKqGjGWJtQ==','张三216','17645678901','广州市天河区元岗街道天源路789号','2020-11-10 15:36:39',NULL),
(222,'user217','HAMVRZRssPCADKqGjGWJtQ==','张三217','17645678901','广州市天河区元岗街道天源路789号','2020-11-10 15:36:39',NULL),
(223,'user218','HAMVRZRssPCADKqGjGWJtQ==','张三218','17645678901','广州市天河区元岗街道天源路789号','2020-11-10 15:36:39',NULL),
(224,'user219','HAMVRZRssPCADKqGjGWJtQ==','张三219','17645678901','广州市天河区元岗街道天源路789号','2020-11-10 15:36:39',NULL),
(225,'user220','HAMVRZRssPCADKqGjGWJtQ==','张三220','17645678901','广州市天河区元岗街道天源路789号','2020-11-10 15:36:39',NULL),
(226,'user221','HAMVRZRssPCADKqGjGWJtQ==','张三221','17645678901','广州市天河区元岗街道天源路789号','2020-11-10 15:36:39',NULL),
(227,'user222','HAMVRZRssPCADKqGjGWJtQ==','张三222','17645678901','广州市天河区元岗街道天源路789号','2020-11-10 15:36:39',NULL),
(228,'user223','HAMVRZRssPCADKqGjGWJtQ==','张三223','17645678901','广州市天河区元岗街道天源路789号','2020-11-10 15:36:39',NULL),
(229,'user224','HAMVRZRssPCADKqGjGWJtQ==','张三224','17645678901','广州市天河区元岗街道天源路789号','2020-11-10 15:36:39',NULL),
(230,'user225','HAMVRZRssPCADKqGjGWJtQ==','张三225','17645678901','广州市天河区元岗街道天源路789号','2020-11-10 15:36:39',NULL),
(231,'user226','HAMVRZRssPCADKqGjGWJtQ==','张三226','17645678901','广州市天河区元岗街道天源路789号','2020-11-10 15:36:39',NULL),
(232,'user227','HAMVRZRssPCADKqGjGWJtQ==','张三227','17645678901','广州市天河区元岗街道天源路789号','2020-11-10 15:36:39',NULL),
(233,'user228','HAMVRZRssPCADKqGjGWJtQ==','张三228','17645678901','广州市天河区元岗街道天源路789号','2020-11-10 15:36:39',NULL),
(234,'user229','HAMVRZRssPCADKqGjGWJtQ==','张三229','17645678901','广州市天河区元岗街道天源路789号','2020-11-10 15:36:39',NULL),
(235,'user230','HAMVRZRssPCADKqGjGWJtQ==','张三230','17645678901','广州市天河区元岗街道天源路789号','2020-11-10 15:36:39',NULL),
(236,'user231','HAMVRZRssPCADKqGjGWJtQ==','张三231','17645678901','广州市天河区元岗街道天源路789号','2020-11-10 15:36:39',NULL),
(237,'user232','HAMVRZRssPCADKqGjGWJtQ==','张三232','17645678901','广州市天河区元岗街道天源路789号','2020-11-10 15:36:39',NULL),
(238,'user233','HAMVRZRssPCADKqGjGWJtQ==','张三233','17645678901','广州市天河区元岗街道天源路789号','2020-11-10 15:36:39',NULL),
(239,'user234','HAMVRZRssPCADKqGjGWJtQ==','张三234','17645678901','广州市天河区元岗街道天源路789号','2020-11-10 15:36:39',NULL),
(240,'user235','HAMVRZRssPCADKqGjGWJtQ==','张三235','17645678901','广州市天河区元岗街道天源路789号','2020-11-10 15:36:39',NULL),
(241,'user236','HAMVRZRssPCADKqGjGWJtQ==','张三236','17645678901','广州市天河区元岗街道天源路789号','2020-11-10 15:36:39',NULL),
(242,'user237','HAMVRZRssPCADKqGjGWJtQ==','张三237','17645678901','广州市天河区元岗街道天源路789号','2020-11-10 15:36:39',NULL),
(243,'user238','HAMVRZRssPCADKqGjGWJtQ==','张三238','17645678901','广州市天河区元岗街道天源路789号','2020-11-10 15:36:39',NULL),
(244,'user239','HAMVRZRssPCADKqGjGWJtQ==','张三239','17645678901','广州市天河区元岗街道天源路789号','2020-11-10 15:36:39',NULL),
(245,'user240','HAMVRZRssPCADKqGjGWJtQ==','张三240','17645678901','广州市天河区元岗街道天源路789号','2020-11-10 15:36:39',NULL),
(246,'user241','HAMVRZRssPCADKqGjGWJtQ==','张三241','17645678901','广州市天河区元岗街道天源路789号','2020-11-10 15:36:39',NULL),
(247,'user242','HAMVRZRssPCADKqGjGWJtQ==','张三242','17645678901','广州市天河区元岗街道天源路789号','2020-11-10 15:36:39',NULL),
(248,'user243','HAMVRZRssPCADKqGjGWJtQ==','张三243','17645678901','广州市天河区元岗街道天源路789号','2020-11-10 15:36:39',NULL),
(249,'user244','HAMVRZRssPCADKqGjGWJtQ==','张三244','17645678901','广州市天河区元岗街道天源路789号','2020-11-10 15:36:39',NULL),
(250,'user245','HAMVRZRssPCADKqGjGWJtQ==','张三245','17645678901','广州市天河区元岗街道天源路789号','2020-11-10 15:36:39',NULL),
(251,'user246','HAMVRZRssPCADKqGjGWJtQ==','张三246','17645678901','广州市天河区元岗街道天源路789号','2020-11-10 15:36:39',NULL),
(252,'user247','HAMVRZRssPCADKqGjGWJtQ==','张三247','17645678901','广州市天河区元岗街道天源路789号','2020-11-10 15:36:39',NULL),
(253,'user248','HAMVRZRssPCADKqGjGWJtQ==','张三248','17645678901','广州市天河区元岗街道天源路789号','2020-11-10 15:36:39',NULL),
(254,'user249','HAMVRZRssPCADKqGjGWJtQ==','张三249','17645678901','广州市天河区元岗街道天源路789号','2020-11-10 15:36:39',NULL),
(255,'user250','HAMVRZRssPCADKqGjGWJtQ==','张三250','17645678901','广州市天河区元岗街道天源路789号','2020-11-10 15:36:39',NULL),
(256,'user251','HAMVRZRssPCADKqGjGWJtQ==','张三251','17645678901','广州市天河区元岗街道天源路789号','2020-11-10 15:36:39',NULL),
(257,'user252','HAMVRZRssPCADKqGjGWJtQ==','张三252','17645678901','广州市天河区元岗街道天源路789号','2020-11-10 15:36:39',NULL),
(258,'user253','HAMVRZRssPCADKqGjGWJtQ==','张三253','17645678901','广州市天河区元岗街道天源路789号','2020-11-10 15:36:39',NULL),
(259,'user254','HAMVRZRssPCADKqGjGWJtQ==','张三254','17645678901','广州市天河区元岗街道天源路789号','2020-11-10 15:36:39',NULL),
(260,'user255','HAMVRZRssPCADKqGjGWJtQ==','张三255','17645678901','广州市天河区元岗街道天源路789号','2020-11-10 15:36:39',NULL),
(261,'user256','HAMVRZRssPCADKqGjGWJtQ==','张三256','17645678901','广州市天河区元岗街道天源路789号','2020-11-10 15:36:39',NULL),
(262,'user257','HAMVRZRssPCADKqGjGWJtQ==','张三257','17645678901','广州市天河区元岗街道天源路789号','2020-11-10 15:36:39',NULL),
(263,'user258','HAMVRZRssPCADKqGjGWJtQ==','张三258','17645678901','广州市天河区元岗街道天源路789号','2020-11-10 15:36:39',NULL),
(264,'user259','HAMVRZRssPCADKqGjGWJtQ==','张三259','17645678901','广州市天河区元岗街道天源路789号','2020-11-10 15:36:39',NULL),
(265,'user260','HAMVRZRssPCADKqGjGWJtQ==','张三260','17645678901','广州市天河区元岗街道天源路789号','2020-11-10 15:36:39',NULL),
(266,'user261','HAMVRZRssPCADKqGjGWJtQ==','张三261','17645678901','广州市天河区元岗街道天源路789号','2020-11-10 15:36:39',NULL),
(267,'user262','HAMVRZRssPCADKqGjGWJtQ==','张三262','17645678901','广州市天河区元岗街道天源路789号','2020-11-10 15:36:39',NULL),
(268,'user263','HAMVRZRssPCADKqGjGWJtQ==','张三263','17645678901','广州市天河区元岗街道天源路789号','2020-11-10 15:36:39',NULL),
(269,'user264','HAMVRZRssPCADKqGjGWJtQ==','张三264','17645678901','广州市天河区元岗街道天源路789号','2020-11-10 15:36:39',NULL),
(270,'user265','HAMVRZRssPCADKqGjGWJtQ==','张三265','17645678901','广州市天河区元岗街道天源路789号','2020-11-10 15:36:39',NULL),
(271,'user266','HAMVRZRssPCADKqGjGWJtQ==','张三266','17645678901','广州市天河区元岗街道天源路789号','2020-11-10 15:36:39',NULL),
(272,'user267','HAMVRZRssPCADKqGjGWJtQ==','张三267','17645678901','广州市天河区元岗街道天源路789号','2020-11-10 15:36:39',NULL),
(273,'user268','HAMVRZRssPCADKqGjGWJtQ==','张三268','17645678901','广州市天河区元岗街道天源路789号','2020-11-10 15:36:39',NULL),
(274,'user269','HAMVRZRssPCADKqGjGWJtQ==','张三269','17645678901','广州市天河区元岗街道天源路789号','2020-11-10 15:36:39',NULL),
(275,'user270','HAMVRZRssPCADKqGjGWJtQ==','张三270','17645678901','广州市天河区元岗街道天源路789号','2020-11-10 15:36:39',NULL),
(276,'user271','HAMVRZRssPCADKqGjGWJtQ==','张三271','17645678901','广州市天河区元岗街道天源路789号','2020-11-10 15:36:39',NULL),
(277,'user272','HAMVRZRssPCADKqGjGWJtQ==','张三272','17645678901','广州市天河区元岗街道天源路789号','2020-11-10 15:36:39',NULL),
(278,'user273','HAMVRZRssPCADKqGjGWJtQ==','张三273','17645678901','广州市天河区元岗街道天源路789号','2020-11-10 15:36:39',NULL),
(279,'user274','HAMVRZRssPCADKqGjGWJtQ==','张三274','17645678901','广州市天河区元岗街道天源路789号','2020-11-10 15:36:39',NULL),
(280,'user275','HAMVRZRssPCADKqGjGWJtQ==','张三275','17645678901','广州市天河区元岗街道天源路789号','2020-11-10 15:36:39',NULL),
(281,'user276','HAMVRZRssPCADKqGjGWJtQ==','张三276','17645678901','广州市天河区元岗街道天源路789号','2020-11-10 15:36:39',NULL),
(282,'user277','HAMVRZRssPCADKqGjGWJtQ==','张三277','17645678901','广州市天河区元岗街道天源路789号','2020-11-10 15:36:39',NULL),
(283,'user278','HAMVRZRssPCADKqGjGWJtQ==','张三278','17645678901','广州市天河区元岗街道天源路789号','2020-11-10 15:36:39',NULL),
(284,'user279','HAMVRZRssPCADKqGjGWJtQ==','张三279','17645678901','广州市天河区元岗街道天源路789号','2020-11-10 15:36:39',NULL),
(285,'user280','HAMVRZRssPCADKqGjGWJtQ==','张三280','17645678901','广州市天河区元岗街道天源路789号','2020-11-10 15:36:39',NULL),
(286,'user281','HAMVRZRssPCADKqGjGWJtQ==','张三281','17645678901','广州市天河区元岗街道天源路789号','2020-11-10 15:36:39',NULL),
(287,'user282','HAMVRZRssPCADKqGjGWJtQ==','张三282','17645678901','广州市天河区元岗街道天源路789号','2020-11-10 15:36:39',NULL),
(288,'user283','HAMVRZRssPCADKqGjGWJtQ==','张三283','17645678901','广州市天河区元岗街道天源路789号','2020-11-10 15:36:39',NULL),
(289,'user284','HAMVRZRssPCADKqGjGWJtQ==','张三284','17645678901','广州市天河区元岗街道天源路789号','2020-11-10 15:36:39',NULL),
(290,'user285','HAMVRZRssPCADKqGjGWJtQ==','张三285','17645678901','广州市天河区元岗街道天源路789号','2020-11-10 15:36:39',NULL),
(291,'user286','HAMVRZRssPCADKqGjGWJtQ==','张三286','17645678901','广州市天河区元岗街道天源路789号','2020-11-10 15:36:39',NULL),
(292,'user287','HAMVRZRssPCADKqGjGWJtQ==','张三287','17645678901','广州市天河区元岗街道天源路789号','2020-11-10 15:36:39',NULL),
(293,'user288','HAMVRZRssPCADKqGjGWJtQ==','张三288','17645678901','广州市天河区元岗街道天源路789号','2020-11-10 15:36:39',NULL),
(294,'user289','HAMVRZRssPCADKqGjGWJtQ==','张三289','17645678901','广州市天河区元岗街道天源路789号','2020-11-10 15:36:39',NULL),
(295,'user290','HAMVRZRssPCADKqGjGWJtQ==','张三290','17645678901','广州市天河区元岗街道天源路789号','2020-11-10 15:36:39',NULL),
(296,'user291','HAMVRZRssPCADKqGjGWJtQ==','张三291','17645678901','广州市天河区元岗街道天源路789号','2020-11-10 15:36:39',NULL),
(297,'user292','HAMVRZRssPCADKqGjGWJtQ==','张三292','17645678901','广州市天河区元岗街道天源路789号','2020-11-10 15:36:39',NULL),
(298,'user293','HAMVRZRssPCADKqGjGWJtQ==','张三293','17645678901','广州市天河区元岗街道天源路789号','2020-11-10 15:36:39',NULL),
(299,'user294','HAMVRZRssPCADKqGjGWJtQ==','张三294','17645678901','广州市天河区元岗街道天源路789号','2020-11-10 15:36:39',NULL),
(300,'user295','HAMVRZRssPCADKqGjGWJtQ==','张三295','17645678901','广州市天河区元岗街道天源路789号','2020-11-10 15:36:39',NULL),
(301,'user296','HAMVRZRssPCADKqGjGWJtQ==','张三296','17645678901','广州市天河区元岗街道天源路789号','2020-11-10 15:36:39',NULL),
(302,'user297','HAMVRZRssPCADKqGjGWJtQ==','张三297','17645678901','广州市天河区元岗街道天源路789号','2020-11-10 15:36:39',NULL),
(303,'user298','HAMVRZRssPCADKqGjGWJtQ==','张三298','17645678901','广州市天河区元岗街道天源路789号','2020-11-10 15:36:39',NULL),
(304,'user299','HAMVRZRssPCADKqGjGWJtQ==','张三299','17645678901','广州市天河区元岗街道天源路789号','2020-11-10 15:36:39',NULL),
(305,'user300','HAMVRZRssPCADKqGjGWJtQ==','张三300','17645678901','广州市天河区元岗街道天源路789号','2020-11-10 15:36:39',NULL),
(306,'user301','HAMVRZRssPCADKqGjGWJtQ==','张三301','17645678901','广州市天河区元岗街道天源路789号','2020-11-10 15:36:39',NULL),
(307,'user302','HAMVRZRssPCADKqGjGWJtQ==','张三302','17645678901','广州市天河区元岗街道天源路789号','2020-11-10 15:36:39',NULL),
(308,'user303','HAMVRZRssPCADKqGjGWJtQ==','张三303','17645678901','广州市天河区元岗街道天源路789号','2020-11-10 15:36:39',NULL),
(309,'user304','HAMVRZRssPCADKqGjGWJtQ==','张三304','17645678901','广州市天河区元岗街道天源路789号','2020-11-10 15:36:39',NULL),
(310,'user305','HAMVRZRssPCADKqGjGWJtQ==','张三305','17645678901','广州市天河区元岗街道天源路789号','2020-11-10 15:36:39',NULL),
(311,'user306','HAMVRZRssPCADKqGjGWJtQ==','张三306','17645678901','广州市天河区元岗街道天源路789号','2020-11-10 15:36:39',NULL),
(312,'user307','HAMVRZRssPCADKqGjGWJtQ==','张三307','17645678901','广州市天河区元岗街道天源路789号','2020-11-10 15:36:39',NULL),
(313,'user308','HAMVRZRssPCADKqGjGWJtQ==','张三308','17645678901','广州市天河区元岗街道天源路789号','2020-11-10 15:36:39',NULL),
(314,'user309','HAMVRZRssPCADKqGjGWJtQ==','张三309','17645678901','广州市天河区元岗街道天源路789号','2020-11-10 15:36:39',NULL),
(315,'user310','HAMVRZRssPCADKqGjGWJtQ==','张三310','17645678901','广州市天河区元岗街道天源路789号','2020-11-10 15:36:39',NULL),
(316,'user311','HAMVRZRssPCADKqGjGWJtQ==','张三311','17645678901','广州市天河区元岗街道天源路789号','2020-11-10 15:36:39',NULL),
(317,'user312','HAMVRZRssPCADKqGjGWJtQ==','张三312','17645678901','广州市天河区元岗街道天源路789号','2020-11-10 15:36:39',NULL),
(318,'user313','HAMVRZRssPCADKqGjGWJtQ==','张三313','17645678901','广州市天河区元岗街道天源路789号','2020-11-10 15:36:39',NULL),
(319,'user314','HAMVRZRssPCADKqGjGWJtQ==','张三314','17645678901','广州市天河区元岗街道天源路789号','2020-11-10 15:36:39',NULL),
(320,'user315','HAMVRZRssPCADKqGjGWJtQ==','张三315','17645678901','广州市天河区元岗街道天源路789号','2020-11-10 15:36:39',NULL),
(321,'user316','HAMVRZRssPCADKqGjGWJtQ==','张三316','17645678901','广州市天河区元岗街道天源路789号','2020-11-10 15:36:39',NULL),
(322,'user317','HAMVRZRssPCADKqGjGWJtQ==','张三317','17645678901','广州市天河区元岗街道天源路789号','2020-11-10 15:36:39',NULL),
(323,'user318','HAMVRZRssPCADKqGjGWJtQ==','张三318','17645678901','广州市天河区元岗街道天源路789号','2020-11-10 15:36:39',NULL),
(324,'user319','HAMVRZRssPCADKqGjGWJtQ==','张三319','17645678901','广州市天河区元岗街道天源路789号','2020-11-10 15:36:39',NULL),
(325,'user320','HAMVRZRssPCADKqGjGWJtQ==','张三320','17645678901','广州市天河区元岗街道天源路789号','2020-11-10 15:36:39',NULL),
(326,'user321','HAMVRZRssPCADKqGjGWJtQ==','张三321','17645678901','广州市天河区元岗街道天源路789号','2020-11-10 15:36:39',NULL),
(327,'user322','HAMVRZRssPCADKqGjGWJtQ==','张三322','17645678901','广州市天河区元岗街道天源路789号','2020-11-10 15:36:39',NULL),
(328,'user323','HAMVRZRssPCADKqGjGWJtQ==','张三323','17645678901','广州市天河区元岗街道天源路789号','2020-11-10 15:36:39',NULL),
(329,'user324','HAMVRZRssPCADKqGjGWJtQ==','张三324','17645678901','广州市天河区元岗街道天源路789号','2020-11-10 15:36:39',NULL),
(330,'user325','HAMVRZRssPCADKqGjGWJtQ==','张三325','17645678901','广州市天河区元岗街道天源路789号','2020-11-10 15:36:39',NULL),
(331,'user326','HAMVRZRssPCADKqGjGWJtQ==','张三326','17645678901','广州市天河区元岗街道天源路789号','2020-11-10 15:36:39',NULL),
(332,'user327','HAMVRZRssPCADKqGjGWJtQ==','张三327','17645678901','广州市天河区元岗街道天源路789号','2020-11-10 15:36:39',NULL),
(333,'user328','HAMVRZRssPCADKqGjGWJtQ==','张三328','17645678901','广州市天河区元岗街道天源路789号','2020-11-10 15:36:39',NULL),
(334,'user329','HAMVRZRssPCADKqGjGWJtQ==','张三329','17645678901','广州市天河区元岗街道天源路789号','2020-11-10 15:36:39',NULL),
(335,'user330','HAMVRZRssPCADKqGjGWJtQ==','张三330','17645678901','广州市天河区元岗街道天源路789号','2020-11-10 15:36:39',NULL),
(336,'user331','HAMVRZRssPCADKqGjGWJtQ==','张三331','17645678901','广州市天河区元岗街道天源路789号','2020-11-10 15:36:39',NULL),
(337,'user332','HAMVRZRssPCADKqGjGWJtQ==','张三332','17645678901','广州市天河区元岗街道天源路789号','2020-11-10 15:36:39',NULL),
(338,'user333','HAMVRZRssPCADKqGjGWJtQ==','张三333','17645678901','广州市天河区元岗街道天源路789号','2020-11-10 15:36:39',NULL),
(339,'user334','HAMVRZRssPCADKqGjGWJtQ==','张三334','17645678901','广州市天河区元岗街道天源路789号','2020-11-10 15:36:39',NULL),
(340,'user335','HAMVRZRssPCADKqGjGWJtQ==','张三335','17645678901','广州市天河区元岗街道天源路789号','2020-11-10 15:36:39',NULL),
(341,'user336','HAMVRZRssPCADKqGjGWJtQ==','张三336','17645678901','广州市天河区元岗街道天源路789号','2020-11-10 15:36:39',NULL),
(342,'user337','HAMVRZRssPCADKqGjGWJtQ==','张三337','17645678901','广州市天河区元岗街道天源路789号','2020-11-10 15:36:39',NULL),
(343,'user338','HAMVRZRssPCADKqGjGWJtQ==','张三338','17645678901','广州市天河区元岗街道天源路789号','2020-11-10 15:36:39',NULL),
(344,'user339','HAMVRZRssPCADKqGjGWJtQ==','张三339','17645678901','广州市天河区元岗街道天源路789号','2020-11-10 15:36:39',NULL),
(345,'user340','HAMVRZRssPCADKqGjGWJtQ==','张三340','17645678901','广州市天河区元岗街道天源路789号','2020-11-10 15:36:39',NULL),
(346,'user341','HAMVRZRssPCADKqGjGWJtQ==','张三341','17645678901','广州市天河区元岗街道天源路789号','2020-11-10 15:36:39',NULL),
(347,'user342','HAMVRZRssPCADKqGjGWJtQ==','张三342','17645678901','广州市天河区元岗街道天源路789号','2020-11-10 15:36:39',NULL),
(348,'user343','HAMVRZRssPCADKqGjGWJtQ==','张三343','17645678901','广州市天河区元岗街道天源路789号','2020-11-10 15:36:39',NULL),
(349,'user344','HAMVRZRssPCADKqGjGWJtQ==','张三344','17645678901','广州市天河区元岗街道天源路789号','2020-11-10 15:36:39',NULL),
(350,'user345','HAMVRZRssPCADKqGjGWJtQ==','张三345','17645678901','广州市天河区元岗街道天源路789号','2020-11-10 15:36:39',NULL),
(351,'user346','HAMVRZRssPCADKqGjGWJtQ==','张三346','17645678901','广州市天河区元岗街道天源路789号','2020-11-10 15:36:39',NULL),
(352,'user347','HAMVRZRssPCADKqGjGWJtQ==','张三347','17645678901','广州市天河区元岗街道天源路789号','2020-11-10 15:36:39',NULL),
(353,'user348','HAMVRZRssPCADKqGjGWJtQ==','张三348','17645678901','广州市天河区元岗街道天源路789号','2020-11-10 15:36:39',NULL),
(354,'user349','HAMVRZRssPCADKqGjGWJtQ==','张三349','17645678901','广州市天河区元岗街道天源路789号','2020-11-10 15:36:39',NULL),
(355,'user350','HAMVRZRssPCADKqGjGWJtQ==','张三350','17645678901','广州市天河区元岗街道天源路789号','2020-11-10 15:36:39',NULL),
(356,'user351','HAMVRZRssPCADKqGjGWJtQ==','张三351','17645678901','广州市天河区元岗街道天源路789号','2020-11-10 15:36:39',NULL),
(357,'user352','HAMVRZRssPCADKqGjGWJtQ==','张三352','17645678901','广州市天河区元岗街道天源路789号','2020-11-10 15:36:39',NULL),
(358,'user353','HAMVRZRssPCADKqGjGWJtQ==','张三353','17645678901','广州市天河区元岗街道天源路789号','2020-11-10 15:36:39',NULL),
(359,'user354','HAMVRZRssPCADKqGjGWJtQ==','张三354','17645678901','广州市天河区元岗街道天源路789号','2020-11-10 15:36:39',NULL),
(360,'user355','HAMVRZRssPCADKqGjGWJtQ==','张三355','17645678901','广州市天河区元岗街道天源路789号','2020-11-10 15:36:39',NULL),
(361,'user356','HAMVRZRssPCADKqGjGWJtQ==','张三356','17645678901','广州市天河区元岗街道天源路789号','2020-11-10 15:36:39',NULL),
(362,'user357','HAMVRZRssPCADKqGjGWJtQ==','张三357','17645678901','广州市天河区元岗街道天源路789号','2020-11-10 15:36:39',NULL),
(363,'user358','HAMVRZRssPCADKqGjGWJtQ==','张三358','17645678901','广州市天河区元岗街道天源路789号','2020-11-10 15:36:39',NULL),
(364,'user359','HAMVRZRssPCADKqGjGWJtQ==','张三359','17645678901','广州市天河区元岗街道天源路789号','2020-11-10 15:36:39',NULL),
(365,'user360','HAMVRZRssPCADKqGjGWJtQ==','张三360','17645678901','广州市天河区元岗街道天源路789号','2020-11-10 15:36:39',NULL),
(366,'user361','HAMVRZRssPCADKqGjGWJtQ==','张三361','17645678901','广州市天河区元岗街道天源路789号','2020-11-10 15:36:39',NULL),
(367,'user362','HAMVRZRssPCADKqGjGWJtQ==','张三362','17645678901','广州市天河区元岗街道天源路789号','2020-11-10 15:36:39',NULL),
(368,'user363','HAMVRZRssPCADKqGjGWJtQ==','张三363','17645678901','广州市天河区元岗街道天源路789号','2020-11-10 15:36:39',NULL),
(369,'user364','HAMVRZRssPCADKqGjGWJtQ==','张三364','17645678901','广州市天河区元岗街道天源路789号','2020-11-10 15:36:39',NULL),
(370,'user365','HAMVRZRssPCADKqGjGWJtQ==','张三365','17645678901','广州市天河区元岗街道天源路789号','2020-11-10 15:36:39',NULL),
(371,'user366','HAMVRZRssPCADKqGjGWJtQ==','张三366','17645678901','广州市天河区元岗街道天源路789号','2020-11-10 15:36:39',NULL),
(372,'user367','HAMVRZRssPCADKqGjGWJtQ==','张三367','17645678901','广州市天河区元岗街道天源路789号','2020-11-10 15:36:39',NULL),
(373,'user368','HAMVRZRssPCADKqGjGWJtQ==','张三368','17645678901','广州市天河区元岗街道天源路789号','2020-11-10 15:36:39',NULL),
(374,'user369','HAMVRZRssPCADKqGjGWJtQ==','张三369','17645678901','广州市天河区元岗街道天源路789号','2020-11-10 15:36:39',NULL),
(375,'user370','HAMVRZRssPCADKqGjGWJtQ==','张三370','17645678901','广州市天河区元岗街道天源路789号','2020-11-10 15:36:39',NULL),
(376,'user371','HAMVRZRssPCADKqGjGWJtQ==','张三371','17645678901','广州市天河区元岗街道天源路789号','2020-11-10 15:36:39',NULL),
(377,'user372','HAMVRZRssPCADKqGjGWJtQ==','张三372','17645678901','广州市天河区元岗街道天源路789号','2020-11-10 15:36:39',NULL),
(378,'user373','HAMVRZRssPCADKqGjGWJtQ==','张三373','17645678901','广州市天河区元岗街道天源路789号','2020-11-10 15:36:39',NULL),
(379,'user374','HAMVRZRssPCADKqGjGWJtQ==','张三374','17645678901','广州市天河区元岗街道天源路789号','2020-11-10 15:36:39',NULL),
(380,'user375','HAMVRZRssPCADKqGjGWJtQ==','张三375','17645678901','广州市天河区元岗街道天源路789号','2020-11-10 15:36:39',NULL),
(381,'user376','HAMVRZRssPCADKqGjGWJtQ==','张三376','17645678901','广州市天河区元岗街道天源路789号','2020-11-10 15:36:39',NULL),
(382,'user377','HAMVRZRssPCADKqGjGWJtQ==','张三377','17645678901','广州市天河区元岗街道天源路789号','2020-11-10 15:36:39',NULL),
(383,'user378','HAMVRZRssPCADKqGjGWJtQ==','张三378','17645678901','广州市天河区元岗街道天源路789号','2020-11-10 15:36:39',NULL),
(384,'user379','HAMVRZRssPCADKqGjGWJtQ==','张三379','17645678901','广州市天河区元岗街道天源路789号','2020-11-10 15:36:39',NULL),
(385,'user380','HAMVRZRssPCADKqGjGWJtQ==','张三380','17645678901','广州市天河区元岗街道天源路789号','2020-11-10 15:36:39',NULL),
(386,'user381','HAMVRZRssPCADKqGjGWJtQ==','张三381','17645678901','广州市天河区元岗街道天源路789号','2020-11-10 15:36:39',NULL),
(387,'user382','HAMVRZRssPCADKqGjGWJtQ==','张三382','17645678901','广州市天河区元岗街道天源路789号','2020-11-10 15:36:39',NULL),
(388,'user383','HAMVRZRssPCADKqGjGWJtQ==','张三383','17645678901','广州市天河区元岗街道天源路789号','2020-11-10 15:36:39',NULL),
(389,'user384','HAMVRZRssPCADKqGjGWJtQ==','张三384','17645678901','广州市天河区元岗街道天源路789号','2020-11-10 15:36:39',NULL),
(390,'user385','HAMVRZRssPCADKqGjGWJtQ==','张三385','17645678901','广州市天河区元岗街道天源路789号','2020-11-10 15:36:39',NULL),
(391,'user386','HAMVRZRssPCADKqGjGWJtQ==','张三386','17645678901','广州市天河区元岗街道天源路789号','2020-11-10 15:36:39',NULL),
(392,'user387','HAMVRZRssPCADKqGjGWJtQ==','张三387','17645678901','广州市天河区元岗街道天源路789号','2020-11-10 15:36:39',NULL),
(393,'user388','HAMVRZRssPCADKqGjGWJtQ==','张三388','17645678901','广州市天河区元岗街道天源路789号','2020-11-10 15:36:39',NULL),
(394,'user389','HAMVRZRssPCADKqGjGWJtQ==','张三389','17645678901','广州市天河区元岗街道天源路789号','2020-11-10 15:36:39',NULL),
(395,'user390','HAMVRZRssPCADKqGjGWJtQ==','张三390','17645678901','广州市天河区元岗街道天源路789号','2020-11-10 15:36:39',NULL),
(396,'user391','HAMVRZRssPCADKqGjGWJtQ==','张三391','17645678901','广州市天河区元岗街道天源路789号','2020-11-10 15:36:39',NULL),
(397,'user392','HAMVRZRssPCADKqGjGWJtQ==','张三392','17645678901','广州市天河区元岗街道天源路789号','2020-11-10 15:36:39',NULL),
(398,'user393','HAMVRZRssPCADKqGjGWJtQ==','张三393','17645678901','广州市天河区元岗街道天源路789号','2020-11-10 15:36:39',NULL),
(399,'user394','HAMVRZRssPCADKqGjGWJtQ==','张三394','17645678901','广州市天河区元岗街道天源路789号','2020-11-10 15:36:39',NULL),
(400,'user395','HAMVRZRssPCADKqGjGWJtQ==','张三395','17645678901','广州市天河区元岗街道天源路789号','2020-11-10 15:36:39',NULL),
(401,'user396','HAMVRZRssPCADKqGjGWJtQ==','张三396','17645678901','广州市天河区元岗街道天源路789号','2020-11-10 15:36:39',NULL),
(402,'user397','HAMVRZRssPCADKqGjGWJtQ==','张三397','17645678901','广州市天河区元岗街道天源路789号','2020-11-10 15:36:39',NULL),
(403,'user398','HAMVRZRssPCADKqGjGWJtQ==','张三398','17645678901','广州市天河区元岗街道天源路789号','2020-11-10 15:36:39',NULL),
(404,'user399','HAMVRZRssPCADKqGjGWJtQ==','张三399','17645678901','广州市天河区元岗街道天源路789号','2020-11-10 15:36:39',NULL),
(405,'user400','HAMVRZRssPCADKqGjGWJtQ==','张三400','17645678901','广州市天河区元岗街道天源路789号','2020-11-10 15:36:39',NULL),
(406,'user401','HAMVRZRssPCADKqGjGWJtQ==','张三401','17645678901','广州市天河区元岗街道天源路789号','2020-11-10 15:36:39',NULL),
(407,'user402','HAMVRZRssPCADKqGjGWJtQ==','张三402','17645678901','广州市天河区元岗街道天源路789号','2020-11-10 15:36:39',NULL),
(408,'user403','HAMVRZRssPCADKqGjGWJtQ==','张三403','17645678901','广州市天河区元岗街道天源路789号','2020-11-10 15:36:39',NULL),
(409,'user404','HAMVRZRssPCADKqGjGWJtQ==','张三404','17645678901','广州市天河区元岗街道天源路789号','2020-11-10 15:36:39',NULL),
(410,'user405','HAMVRZRssPCADKqGjGWJtQ==','张三405','17645678901','广州市天河区元岗街道天源路789号','2020-11-10 15:36:39',NULL),
(411,'user406','HAMVRZRssPCADKqGjGWJtQ==','张三406','17645678901','广州市天河区元岗街道天源路789号','2020-11-10 15:36:39',NULL),
(412,'user407','HAMVRZRssPCADKqGjGWJtQ==','张三407','17645678901','广州市天河区元岗街道天源路789号','2020-11-10 15:36:39',NULL),
(413,'user408','HAMVRZRssPCADKqGjGWJtQ==','张三408','17645678901','广州市天河区元岗街道天源路789号','2020-11-10 15:36:39',NULL),
(414,'user409','HAMVRZRssPCADKqGjGWJtQ==','张三409','17645678901','广州市天河区元岗街道天源路789号','2020-11-10 15:36:39',NULL),
(415,'user410','HAMVRZRssPCADKqGjGWJtQ==','张三410','17645678901','广州市天河区元岗街道天源路789号','2020-11-10 15:36:39',NULL),
(416,'user411','HAMVRZRssPCADKqGjGWJtQ==','张三411','17645678901','广州市天河区元岗街道天源路789号','2020-11-10 15:36:39',NULL),
(417,'user412','HAMVRZRssPCADKqGjGWJtQ==','张三412','17645678901','广州市天河区元岗街道天源路789号','2020-11-10 15:36:39',NULL),
(418,'user413','HAMVRZRssPCADKqGjGWJtQ==','张三413','17645678901','广州市天河区元岗街道天源路789号','2020-11-10 15:36:39',NULL),
(419,'user414','HAMVRZRssPCADKqGjGWJtQ==','张三414','17645678901','广州市天河区元岗街道天源路789号','2020-11-10 15:36:39',NULL),
(420,'user415','HAMVRZRssPCADKqGjGWJtQ==','张三415','17645678901','广州市天河区元岗街道天源路789号','2020-11-10 15:36:39',NULL),
(421,'user416','HAMVRZRssPCADKqGjGWJtQ==','张三416','17645678901','广州市天河区元岗街道天源路789号','2020-11-10 15:36:39',NULL),
(422,'user417','HAMVRZRssPCADKqGjGWJtQ==','张三417','17645678901','广州市天河区元岗街道天源路789号','2020-11-10 15:36:39',NULL),
(423,'user418','HAMVRZRssPCADKqGjGWJtQ==','张三418','17645678901','广州市天河区元岗街道天源路789号','2020-11-10 15:36:39',NULL),
(424,'user419','HAMVRZRssPCADKqGjGWJtQ==','张三419','17645678901','广州市天河区元岗街道天源路789号','2020-11-10 15:36:39',NULL),
(425,'user420','HAMVRZRssPCADKqGjGWJtQ==','张三420','17645678901','广州市天河区元岗街道天源路789号','2020-11-10 15:36:39',NULL),
(426,'user421','HAMVRZRssPCADKqGjGWJtQ==','张三421','17645678901','广州市天河区元岗街道天源路789号','2020-11-10 15:36:39',NULL),
(427,'user422','HAMVRZRssPCADKqGjGWJtQ==','张三422','17645678901','广州市天河区元岗街道天源路789号','2020-11-10 15:36:39',NULL),
(428,'user423','HAMVRZRssPCADKqGjGWJtQ==','张三423','17645678901','广州市天河区元岗街道天源路789号','2020-11-10 15:36:39',NULL),
(429,'user424','HAMVRZRssPCADKqGjGWJtQ==','张三424','17645678901','广州市天河区元岗街道天源路789号','2020-11-10 15:36:39',NULL),
(430,'user425','HAMVRZRssPCADKqGjGWJtQ==','张三425','17645678901','广州市天河区元岗街道天源路789号','2020-11-10 15:36:39',NULL),
(431,'user426','HAMVRZRssPCADKqGjGWJtQ==','张三426','17645678901','广州市天河区元岗街道天源路789号','2020-11-10 15:36:39',NULL),
(432,'user427','HAMVRZRssPCADKqGjGWJtQ==','张三427','17645678901','广州市天河区元岗街道天源路789号','2020-11-10 15:36:39',NULL),
(433,'user428','HAMVRZRssPCADKqGjGWJtQ==','张三428','17645678901','广州市天河区元岗街道天源路789号','2020-11-10 15:36:39',NULL),
(434,'user429','HAMVRZRssPCADKqGjGWJtQ==','张三429','17645678901','广州市天河区元岗街道天源路789号','2020-11-10 15:36:39',NULL),
(435,'user430','HAMVRZRssPCADKqGjGWJtQ==','张三430','17645678901','广州市天河区元岗街道天源路789号','2020-11-10 15:36:39',NULL),
(436,'user431','HAMVRZRssPCADKqGjGWJtQ==','张三431','17645678901','广州市天河区元岗街道天源路789号','2020-11-10 15:36:39',NULL),
(437,'user432','HAMVRZRssPCADKqGjGWJtQ==','张三432','17645678901','广州市天河区元岗街道天源路789号','2020-11-10 15:36:39',NULL),
(438,'user433','HAMVRZRssPCADKqGjGWJtQ==','张三433','17645678901','广州市天河区元岗街道天源路789号','2020-11-10 15:36:39',NULL),
(439,'user434','HAMVRZRssPCADKqGjGWJtQ==','张三434','17645678901','广州市天河区元岗街道天源路789号','2020-11-10 15:36:39',NULL),
(440,'user435','HAMVRZRssPCADKqGjGWJtQ==','张三435','17645678901','广州市天河区元岗街道天源路789号','2020-11-10 15:36:39',NULL),
(441,'user436','HAMVRZRssPCADKqGjGWJtQ==','张三436','17645678901','广州市天河区元岗街道天源路789号','2020-11-10 15:36:39',NULL),
(442,'user437','HAMVRZRssPCADKqGjGWJtQ==','张三437','17645678901','广州市天河区元岗街道天源路789号','2020-11-10 15:36:39',NULL),
(443,'user438','HAMVRZRssPCADKqGjGWJtQ==','张三438','17645678901','广州市天河区元岗街道天源路789号','2020-11-10 15:36:39',NULL),
(444,'user439','HAMVRZRssPCADKqGjGWJtQ==','张三439','17645678901','广州市天河区元岗街道天源路789号','2020-11-10 15:36:39',NULL),
(445,'user440','HAMVRZRssPCADKqGjGWJtQ==','张三440','17645678901','广州市天河区元岗街道天源路789号','2020-11-10 15:36:39',NULL),
(446,'user441','HAMVRZRssPCADKqGjGWJtQ==','张三441','17645678901','广州市天河区元岗街道天源路789号','2020-11-10 15:36:39',NULL),
(447,'user442','HAMVRZRssPCADKqGjGWJtQ==','张三442','17645678901','广州市天河区元岗街道天源路789号','2020-11-10 15:36:39',NULL),
(448,'user443','HAMVRZRssPCADKqGjGWJtQ==','张三443','17645678901','广州市天河区元岗街道天源路789号','2020-11-10 15:36:39',NULL),
(449,'user444','HAMVRZRssPCADKqGjGWJtQ==','张三444','17645678901','广州市天河区元岗街道天源路789号','2020-11-10 15:36:39',NULL),
(450,'user445','HAMVRZRssPCADKqGjGWJtQ==','张三445','17645678901','广州市天河区元岗街道天源路789号','2020-11-10 15:36:39',NULL),
(451,'user446','HAMVRZRssPCADKqGjGWJtQ==','张三446','17645678901','广州市天河区元岗街道天源路789号','2020-11-10 15:36:39',NULL),
(452,'user447','HAMVRZRssPCADKqGjGWJtQ==','张三447','17645678901','广州市天河区元岗街道天源路789号','2020-11-10 15:36:39',NULL),
(453,'user448','HAMVRZRssPCADKqGjGWJtQ==','张三448','17645678901','广州市天河区元岗街道天源路789号','2020-11-10 15:36:39',NULL),
(454,'user449','HAMVRZRssPCADKqGjGWJtQ==','张三449','17645678901','广州市天河区元岗街道天源路789号','2020-11-10 15:36:39',NULL),
(455,'user450','HAMVRZRssPCADKqGjGWJtQ==','张三450','17645678901','广州市天河区元岗街道天源路789号','2020-11-10 15:36:39',NULL),
(456,'user451','HAMVRZRssPCADKqGjGWJtQ==','张三451','17645678901','广州市天河区元岗街道天源路789号','2020-11-10 15:36:39',NULL),
(457,'user452','HAMVRZRssPCADKqGjGWJtQ==','张三452','17645678901','广州市天河区元岗街道天源路789号','2020-11-10 15:36:39',NULL),
(458,'user453','HAMVRZRssPCADKqGjGWJtQ==','张三453','17645678901','广州市天河区元岗街道天源路789号','2020-11-10 15:36:39',NULL),
(459,'user454','HAMVRZRssPCADKqGjGWJtQ==','张三454','17645678901','广州市天河区元岗街道天源路789号','2020-11-10 15:36:39',NULL),
(460,'user455','HAMVRZRssPCADKqGjGWJtQ==','张三455','17645678901','广州市天河区元岗街道天源路789号','2020-11-10 15:36:39',NULL),
(461,'user456','HAMVRZRssPCADKqGjGWJtQ==','张三456','17645678901','广州市天河区元岗街道天源路789号','2020-11-10 15:36:39',NULL),
(462,'user457','HAMVRZRssPCADKqGjGWJtQ==','张三457','17645678901','广州市天河区元岗街道天源路789号','2020-11-10 15:36:39',NULL),
(463,'user458','HAMVRZRssPCADKqGjGWJtQ==','张三458','17645678901','广州市天河区元岗街道天源路789号','2020-11-10 15:36:39',NULL),
(464,'user459','HAMVRZRssPCADKqGjGWJtQ==','张三459','17645678901','广州市天河区元岗街道天源路789号','2020-11-10 15:36:39',NULL),
(465,'user460','HAMVRZRssPCADKqGjGWJtQ==','张三460','17645678901','广州市天河区元岗街道天源路789号','2020-11-10 15:36:39',NULL),
(466,'user461','HAMVRZRssPCADKqGjGWJtQ==','张三461','17645678901','广州市天河区元岗街道天源路789号','2020-11-10 15:36:39',NULL),
(467,'user462','HAMVRZRssPCADKqGjGWJtQ==','张三462','17645678901','广州市天河区元岗街道天源路789号','2020-11-10 15:36:39',NULL),
(468,'user463','HAMVRZRssPCADKqGjGWJtQ==','张三463','17645678901','广州市天河区元岗街道天源路789号','2020-11-10 15:36:39',NULL),
(469,'user464','HAMVRZRssPCADKqGjGWJtQ==','张三464','17645678901','广州市天河区元岗街道天源路789号','2020-11-10 15:36:39',NULL),
(470,'user465','HAMVRZRssPCADKqGjGWJtQ==','张三465','17645678901','广州市天河区元岗街道天源路789号','2020-11-10 15:36:39',NULL),
(471,'user466','HAMVRZRssPCADKqGjGWJtQ==','张三466','17645678901','广州市天河区元岗街道天源路789号','2020-11-10 15:36:39',NULL),
(472,'user467','HAMVRZRssPCADKqGjGWJtQ==','张三467','17645678901','广州市天河区元岗街道天源路789号','2020-11-10 15:36:39',NULL),
(473,'user468','HAMVRZRssPCADKqGjGWJtQ==','张三468','17645678901','广州市天河区元岗街道天源路789号','2020-11-10 15:36:39',NULL),
(474,'user469','HAMVRZRssPCADKqGjGWJtQ==','张三469','17645678901','广州市天河区元岗街道天源路789号','2020-11-10 15:36:39',NULL),
(475,'user470','HAMVRZRssPCADKqGjGWJtQ==','张三470','17645678901','广州市天河区元岗街道天源路789号','2020-11-10 15:36:39',NULL),
(476,'user471','HAMVRZRssPCADKqGjGWJtQ==','张三471','17645678901','广州市天河区元岗街道天源路789号','2020-11-10 15:36:39',NULL),
(477,'user472','HAMVRZRssPCADKqGjGWJtQ==','张三472','17645678901','广州市天河区元岗街道天源路789号','2020-11-10 15:36:39',NULL),
(478,'user473','HAMVRZRssPCADKqGjGWJtQ==','张三473','17645678901','广州市天河区元岗街道天源路789号','2020-11-10 15:36:39',NULL),
(479,'user474','HAMVRZRssPCADKqGjGWJtQ==','张三474','17645678901','广州市天河区元岗街道天源路789号','2020-11-10 15:36:39',NULL),
(480,'user475','HAMVRZRssPCADKqGjGWJtQ==','张三475','17645678901','广州市天河区元岗街道天源路789号','2020-11-10 15:36:39',NULL),
(481,'user476','HAMVRZRssPCADKqGjGWJtQ==','张三476','17645678901','广州市天河区元岗街道天源路789号','2020-11-10 15:36:39',NULL),
(482,'user477','HAMVRZRssPCADKqGjGWJtQ==','张三477','17645678901','广州市天河区元岗街道天源路789号','2020-11-10 15:36:39',NULL),
(483,'user478','HAMVRZRssPCADKqGjGWJtQ==','张三478','17645678901','广州市天河区元岗街道天源路789号','2020-11-10 15:36:39',NULL),
(484,'user479','HAMVRZRssPCADKqGjGWJtQ==','张三479','17645678901','广州市天河区元岗街道天源路789号','2020-11-10 15:36:39',NULL),
(485,'user480','HAMVRZRssPCADKqGjGWJtQ==','张三480','17645678901','广州市天河区元岗街道天源路789号','2020-11-10 15:36:39',NULL),
(486,'user481','HAMVRZRssPCADKqGjGWJtQ==','张三481','17645678901','广州市天河区元岗街道天源路789号','2020-11-10 15:36:39',NULL),
(487,'user482','HAMVRZRssPCADKqGjGWJtQ==','张三482','17645678901','广州市天河区元岗街道天源路789号','2020-11-10 15:36:39',NULL),
(488,'user483','HAMVRZRssPCADKqGjGWJtQ==','张三483','17645678901','广州市天河区元岗街道天源路789号','2020-11-10 15:36:39',NULL),
(489,'user484','HAMVRZRssPCADKqGjGWJtQ==','张三484','17645678901','广州市天河区元岗街道天源路789号','2020-11-10 15:36:39',NULL),
(490,'user485','HAMVRZRssPCADKqGjGWJtQ==','张三485','17645678901','广州市天河区元岗街道天源路789号','2020-11-10 15:36:39',NULL),
(491,'user486','HAMVRZRssPCADKqGjGWJtQ==','张三486','17645678901','广州市天河区元岗街道天源路789号','2020-11-10 15:36:39',NULL),
(492,'user487','HAMVRZRssPCADKqGjGWJtQ==','张三487','17645678901','广州市天河区元岗街道天源路789号','2020-11-10 15:36:39',NULL),
(493,'user488','HAMVRZRssPCADKqGjGWJtQ==','张三488','17645678901','广州市天河区元岗街道天源路789号','2020-11-10 15:36:39',NULL),
(494,'user489','HAMVRZRssPCADKqGjGWJtQ==','张三489','17645678901','广州市天河区元岗街道天源路789号','2020-11-10 15:36:39',NULL),
(495,'user490','HAMVRZRssPCADKqGjGWJtQ==','张三490','17645678901','广州市天河区元岗街道天源路789号','2020-11-10 15:36:39',NULL),
(496,'user491','HAMVRZRssPCADKqGjGWJtQ==','张三491','17645678901','广州市天河区元岗街道天源路789号','2020-11-10 15:36:39',NULL),
(497,'user492','HAMVRZRssPCADKqGjGWJtQ==','张三492','17645678901','广州市天河区元岗街道天源路789号','2020-11-10 15:36:39',NULL),
(498,'user493','HAMVRZRssPCADKqGjGWJtQ==','张三493','17645678901','广州市天河区元岗街道天源路789号','2020-11-10 15:36:39',NULL),
(499,'user494','HAMVRZRssPCADKqGjGWJtQ==','张三494','17645678901','广州市天河区元岗街道天源路789号','2020-11-10 15:36:39',NULL),
(500,'user495','HAMVRZRssPCADKqGjGWJtQ==','张三495','17645678901','广州市天河区元岗街道天源路789号','2020-11-10 15:36:39',NULL),
(501,'user496','HAMVRZRssPCADKqGjGWJtQ==','张三496','17645678901','广州市天河区元岗街道天源路789号','2020-11-10 15:36:39',NULL),
(502,'user497','HAMVRZRssPCADKqGjGWJtQ==','张三497','17645678901','广州市天河区元岗街道天源路789号','2020-11-10 15:36:39',NULL),
(503,'user498','HAMVRZRssPCADKqGjGWJtQ==','张三498','17645678901','广州市天河区元岗街道天源路789号','2020-11-10 15:36:39',NULL),
(504,'user499','HAMVRZRssPCADKqGjGWJtQ==','张三499','17645678901','广州市天河区元岗街道天源路789号','2020-11-10 15:36:39',NULL),
(505,'user500','HAMVRZRssPCADKqGjGWJtQ==','张三500','17645678901','广州市天河区元岗街道天源路789号','2020-11-10 15:36:39',NULL),
(506,'user501','HAMVRZRssPCADKqGjGWJtQ==','张三501','17645678901','广州市天河区元岗街道天源路789号','2020-11-10 15:36:39',NULL),
(507,'user502','HAMVRZRssPCADKqGjGWJtQ==','张三502','17645678901','广州市天河区元岗街道天源路789号','2020-11-10 15:36:39',NULL),
(508,'user503','HAMVRZRssPCADKqGjGWJtQ==','张三503','17645678901','广州市天河区元岗街道天源路789号','2020-11-10 15:36:39',NULL),
(509,'user504','HAMVRZRssPCADKqGjGWJtQ==','张三504','17645678901','广州市天河区元岗街道天源路789号','2020-11-10 15:36:39',NULL),
(510,'user505','HAMVRZRssPCADKqGjGWJtQ==','张三505','17645678901','广州市天河区元岗街道天源路789号','2020-11-10 15:36:39',NULL),
(511,'user506','HAMVRZRssPCADKqGjGWJtQ==','张三506','17645678901','广州市天河区元岗街道天源路789号','2020-11-10 15:36:39',NULL),
(512,'user507','HAMVRZRssPCADKqGjGWJtQ==','张三507','17645678901','广州市天河区元岗街道天源路789号','2020-11-10 15:36:39',NULL),
(513,'user508','HAMVRZRssPCADKqGjGWJtQ==','张三508','17645678901','广州市天河区元岗街道天源路789号','2020-11-10 15:36:39',NULL),
(514,'user509','HAMVRZRssPCADKqGjGWJtQ==','张三509','17645678901','广州市天河区元岗街道天源路789号','2020-11-10 15:36:39',NULL),
(515,'user510','HAMVRZRssPCADKqGjGWJtQ==','张三510','17645678901','广州市天河区元岗街道天源路789号','2020-11-10 15:36:39',NULL),
(516,'user511','HAMVRZRssPCADKqGjGWJtQ==','张三511','17645678901','广州市天河区元岗街道天源路789号','2020-11-10 15:36:39',NULL),
(517,'user512','HAMVRZRssPCADKqGjGWJtQ==','张三512','17645678901','广州市天河区元岗街道天源路789号','2020-11-10 15:36:39',NULL),
(518,'user513','HAMVRZRssPCADKqGjGWJtQ==','张三513','17645678901','广州市天河区元岗街道天源路789号','2020-11-10 15:36:39',NULL),
(519,'user514','HAMVRZRssPCADKqGjGWJtQ==','张三514','17645678901','广州市天河区元岗街道天源路789号','2020-11-10 15:36:39',NULL),
(520,'user515','HAMVRZRssPCADKqGjGWJtQ==','张三515','17645678901','广州市天河区元岗街道天源路789号','2020-11-10 15:36:39',NULL),
(521,'user516','HAMVRZRssPCADKqGjGWJtQ==','张三516','17645678901','广州市天河区元岗街道天源路789号','2020-11-10 15:36:39',NULL),
(522,'user517','HAMVRZRssPCADKqGjGWJtQ==','张三517','17645678901','广州市天河区元岗街道天源路789号','2020-11-10 15:36:39',NULL),
(523,'user518','HAMVRZRssPCADKqGjGWJtQ==','张三518','17645678901','广州市天河区元岗街道天源路789号','2020-11-10 15:36:39',NULL),
(524,'user519','HAMVRZRssPCADKqGjGWJtQ==','张三519','17645678901','广州市天河区元岗街道天源路789号','2020-11-10 15:36:39',NULL),
(525,'user520','HAMVRZRssPCADKqGjGWJtQ==','张三520','17645678901','广州市天河区元岗街道天源路789号','2020-11-10 15:36:39',NULL),
(526,'user521','HAMVRZRssPCADKqGjGWJtQ==','张三521','17645678901','广州市天河区元岗街道天源路789号','2020-11-10 15:36:39',NULL),
(527,'user522','HAMVRZRssPCADKqGjGWJtQ==','张三522','17645678901','广州市天河区元岗街道天源路789号','2020-11-10 15:36:39',NULL),
(528,'user523','HAMVRZRssPCADKqGjGWJtQ==','张三523','17645678901','广州市天河区元岗街道天源路789号','2020-11-10 15:36:39',NULL),
(529,'user524','HAMVRZRssPCADKqGjGWJtQ==','张三524','17645678901','广州市天河区元岗街道天源路789号','2020-11-10 15:36:39',NULL),
(530,'user525','HAMVRZRssPCADKqGjGWJtQ==','张三525','17645678901','广州市天河区元岗街道天源路789号','2020-11-10 15:36:39',NULL),
(531,'user526','HAMVRZRssPCADKqGjGWJtQ==','张三526','17645678901','广州市天河区元岗街道天源路789号','2020-11-10 15:36:39',NULL),
(532,'user527','HAMVRZRssPCADKqGjGWJtQ==','张三527','17645678901','广州市天河区元岗街道天源路789号','2020-11-10 15:36:39',NULL),
(533,'user528','HAMVRZRssPCADKqGjGWJtQ==','张三528','17645678901','广州市天河区元岗街道天源路789号','2020-11-10 15:36:39',NULL),
(534,'user529','HAMVRZRssPCADKqGjGWJtQ==','张三529','17645678901','广州市天河区元岗街道天源路789号','2020-11-10 15:36:39',NULL),
(535,'user530','HAMVRZRssPCADKqGjGWJtQ==','张三530','17645678901','广州市天河区元岗街道天源路789号','2020-11-10 15:36:39',NULL),
(536,'user531','HAMVRZRssPCADKqGjGWJtQ==','张三531','17645678901','广州市天河区元岗街道天源路789号','2020-11-10 15:36:39',NULL),
(537,'user532','HAMVRZRssPCADKqGjGWJtQ==','张三532','17645678901','广州市天河区元岗街道天源路789号','2020-11-10 15:36:39',NULL),
(538,'user533','HAMVRZRssPCADKqGjGWJtQ==','张三533','17645678901','广州市天河区元岗街道天源路789号','2020-11-10 15:36:39',NULL),
(539,'user534','HAMVRZRssPCADKqGjGWJtQ==','张三534','17645678901','广州市天河区元岗街道天源路789号','2020-11-10 15:36:39',NULL),
(540,'user535','HAMVRZRssPCADKqGjGWJtQ==','张三535','17645678901','广州市天河区元岗街道天源路789号','2020-11-10 15:36:39',NULL),
(541,'user536','HAMVRZRssPCADKqGjGWJtQ==','张三536','17645678901','广州市天河区元岗街道天源路789号','2020-11-10 15:36:39',NULL),
(542,'user537','HAMVRZRssPCADKqGjGWJtQ==','张三537','17645678901','广州市天河区元岗街道天源路789号','2020-11-10 15:36:39',NULL),
(543,'user538','HAMVRZRssPCADKqGjGWJtQ==','张三538','17645678901','广州市天河区元岗街道天源路789号','2020-11-10 15:36:39',NULL),
(544,'user539','HAMVRZRssPCADKqGjGWJtQ==','张三539','17645678901','广州市天河区元岗街道天源路789号','2020-11-10 15:36:39',NULL),
(545,'user540','HAMVRZRssPCADKqGjGWJtQ==','张三540','17645678901','广州市天河区元岗街道天源路789号','2020-11-10 15:36:39',NULL),
(546,'user541','HAMVRZRssPCADKqGjGWJtQ==','张三541','17645678901','广州市天河区元岗街道天源路789号','2020-11-10 15:36:39',NULL),
(547,'user542','HAMVRZRssPCADKqGjGWJtQ==','张三542','17645678901','广州市天河区元岗街道天源路789号','2020-11-10 15:36:39',NULL),
(548,'user543','HAMVRZRssPCADKqGjGWJtQ==','张三543','17645678901','广州市天河区元岗街道天源路789号','2020-11-10 15:36:39',NULL),
(549,'user544','HAMVRZRssPCADKqGjGWJtQ==','张三544','17645678901','广州市天河区元岗街道天源路789号','2020-11-10 15:36:39',NULL),
(550,'user545','HAMVRZRssPCADKqGjGWJtQ==','张三545','17645678901','广州市天河区元岗街道天源路789号','2020-11-10 15:36:39',NULL),
(551,'user546','HAMVRZRssPCADKqGjGWJtQ==','张三546','17645678901','广州市天河区元岗街道天源路789号','2020-11-10 15:36:39',NULL),
(552,'user547','HAMVRZRssPCADKqGjGWJtQ==','张三547','17645678901','广州市天河区元岗街道天源路789号','2020-11-10 15:36:39',NULL),
(553,'user548','HAMVRZRssPCADKqGjGWJtQ==','张三548','17645678901','广州市天河区元岗街道天源路789号','2020-11-10 15:36:39',NULL),
(554,'user549','HAMVRZRssPCADKqGjGWJtQ==','张三549','17645678901','广州市天河区元岗街道天源路789号','2020-11-10 15:36:39',NULL),
(555,'user550','HAMVRZRssPCADKqGjGWJtQ==','张三550','17645678901','广州市天河区元岗街道天源路789号','2020-11-10 15:36:39',NULL),
(556,'user551','HAMVRZRssPCADKqGjGWJtQ==','张三551','17645678901','广州市天河区元岗街道天源路789号','2020-11-10 15:36:39',NULL),
(557,'user552','HAMVRZRssPCADKqGjGWJtQ==','张三552','17645678901','广州市天河区元岗街道天源路789号','2020-11-10 15:36:39',NULL),
(558,'user553','HAMVRZRssPCADKqGjGWJtQ==','张三553','17645678901','广州市天河区元岗街道天源路789号','2020-11-10 15:36:39',NULL),
(559,'user554','HAMVRZRssPCADKqGjGWJtQ==','张三554','17645678901','广州市天河区元岗街道天源路789号','2020-11-10 15:36:39',NULL),
(560,'user555','HAMVRZRssPCADKqGjGWJtQ==','张三555','17645678901','广州市天河区元岗街道天源路789号','2020-11-10 15:36:39',NULL),
(561,'user556','HAMVRZRssPCADKqGjGWJtQ==','张三556','17645678901','广州市天河区元岗街道天源路789号','2020-11-10 15:36:39',NULL),
(562,'user557','HAMVRZRssPCADKqGjGWJtQ==','张三557','17645678901','广州市天河区元岗街道天源路789号','2020-11-10 15:36:39',NULL),
(563,'user558','HAMVRZRssPCADKqGjGWJtQ==','张三558','17645678901','广州市天河区元岗街道天源路789号','2020-11-10 15:36:39',NULL),
(564,'user559','HAMVRZRssPCADKqGjGWJtQ==','张三559','17645678901','广州市天河区元岗街道天源路789号','2020-11-10 15:36:39',NULL),
(565,'user560','HAMVRZRssPCADKqGjGWJtQ==','张三560','17645678901','广州市天河区元岗街道天源路789号','2020-11-10 15:36:39',NULL),
(566,'user561','HAMVRZRssPCADKqGjGWJtQ==','张三561','17645678901','广州市天河区元岗街道天源路789号','2020-11-10 15:36:39',NULL),
(567,'user562','HAMVRZRssPCADKqGjGWJtQ==','张三562','17645678901','广州市天河区元岗街道天源路789号','2020-11-10 15:36:39',NULL),
(568,'user563','HAMVRZRssPCADKqGjGWJtQ==','张三563','17645678901','广州市天河区元岗街道天源路789号','2020-11-10 15:36:39',NULL),
(569,'user564','HAMVRZRssPCADKqGjGWJtQ==','张三564','17645678901','广州市天河区元岗街道天源路789号','2020-11-10 15:36:39',NULL),
(570,'user565','HAMVRZRssPCADKqGjGWJtQ==','张三565','17645678901','广州市天河区元岗街道天源路789号','2020-11-10 15:36:39',NULL),
(571,'user566','HAMVRZRssPCADKqGjGWJtQ==','张三566','17645678901','广州市天河区元岗街道天源路789号','2020-11-10 15:36:39',NULL),
(572,'user567','HAMVRZRssPCADKqGjGWJtQ==','张三567','17645678901','广州市天河区元岗街道天源路789号','2020-11-10 15:36:39',NULL),
(573,'user568','HAMVRZRssPCADKqGjGWJtQ==','张三568','17645678901','广州市天河区元岗街道天源路789号','2020-11-10 15:36:39',NULL),
(574,'user569','HAMVRZRssPCADKqGjGWJtQ==','张三569','17645678901','广州市天河区元岗街道天源路789号','2020-11-10 15:36:39',NULL),
(575,'user570','HAMVRZRssPCADKqGjGWJtQ==','张三570','17645678901','广州市天河区元岗街道天源路789号','2020-11-10 15:36:39',NULL),
(576,'user571','HAMVRZRssPCADKqGjGWJtQ==','张三571','17645678901','广州市天河区元岗街道天源路789号','2020-11-10 15:36:39',NULL),
(577,'user572','HAMVRZRssPCADKqGjGWJtQ==','张三572','17645678901','广州市天河区元岗街道天源路789号','2020-11-10 15:36:39',NULL),
(578,'user573','HAMVRZRssPCADKqGjGWJtQ==','张三573','17645678901','广州市天河区元岗街道天源路789号','2020-11-10 15:36:39',NULL),
(579,'user574','HAMVRZRssPCADKqGjGWJtQ==','张三574','17645678901','广州市天河区元岗街道天源路789号','2020-11-10 15:36:39',NULL),
(580,'user575','HAMVRZRssPCADKqGjGWJtQ==','张三575','17645678901','广州市天河区元岗街道天源路789号','2020-11-10 15:36:39',NULL),
(581,'user576','HAMVRZRssPCADKqGjGWJtQ==','张三576','17645678901','广州市天河区元岗街道天源路789号','2020-11-10 15:36:39',NULL),
(582,'user577','HAMVRZRssPCADKqGjGWJtQ==','张三577','17645678901','广州市天河区元岗街道天源路789号','2020-11-10 15:36:39',NULL),
(583,'user578','HAMVRZRssPCADKqGjGWJtQ==','张三578','17645678901','广州市天河区元岗街道天源路789号','2020-11-10 15:36:39',NULL),
(584,'user579','HAMVRZRssPCADKqGjGWJtQ==','张三579','17645678901','广州市天河区元岗街道天源路789号','2020-11-10 15:36:39',NULL),
(585,'user580','HAMVRZRssPCADKqGjGWJtQ==','张三580','17645678901','广州市天河区元岗街道天源路789号','2020-11-10 15:36:39',NULL),
(586,'user581','HAMVRZRssPCADKqGjGWJtQ==','张三581','17645678901','广州市天河区元岗街道天源路789号','2020-11-10 15:36:39',NULL),
(587,'user582','HAMVRZRssPCADKqGjGWJtQ==','张三582','17645678901','广州市天河区元岗街道天源路789号','2020-11-10 15:36:39',NULL),
(588,'user583','HAMVRZRssPCADKqGjGWJtQ==','张三583','17645678901','广州市天河区元岗街道天源路789号','2020-11-10 15:36:39',NULL),
(589,'user584','HAMVRZRssPCADKqGjGWJtQ==','张三584','17645678901','广州市天河区元岗街道天源路789号','2020-11-10 15:36:39',NULL),
(590,'user585','HAMVRZRssPCADKqGjGWJtQ==','张三585','17645678901','广州市天河区元岗街道天源路789号','2020-11-10 15:36:39',NULL),
(591,'user586','HAMVRZRssPCADKqGjGWJtQ==','张三586','17645678901','广州市天河区元岗街道天源路789号','2020-11-10 15:36:39',NULL),
(592,'user587','HAMVRZRssPCADKqGjGWJtQ==','张三587','17645678901','广州市天河区元岗街道天源路789号','2020-11-10 15:36:39',NULL),
(593,'user588','HAMVRZRssPCADKqGjGWJtQ==','张三588','17645678901','广州市天河区元岗街道天源路789号','2020-11-10 15:36:39',NULL),
(594,'user589','HAMVRZRssPCADKqGjGWJtQ==','张三589','17645678901','广州市天河区元岗街道天源路789号','2020-11-10 15:36:39',NULL),
(595,'user590','HAMVRZRssPCADKqGjGWJtQ==','张三590','17645678901','广州市天河区元岗街道天源路789号','2020-11-10 15:36:39',NULL),
(596,'user591','HAMVRZRssPCADKqGjGWJtQ==','张三591','17645678901','广州市天河区元岗街道天源路789号','2020-11-10 15:36:39',NULL),
(597,'user592','HAMVRZRssPCADKqGjGWJtQ==','张三592','17645678901','广州市天河区元岗街道天源路789号','2020-11-10 15:36:39',NULL),
(598,'user593','HAMVRZRssPCADKqGjGWJtQ==','张三593','17645678901','广州市天河区元岗街道天源路789号','2020-11-10 15:36:39',NULL),
(599,'user594','HAMVRZRssPCADKqGjGWJtQ==','张三594','17645678901','广州市天河区元岗街道天源路789号','2020-11-10 15:36:39',NULL),
(600,'user595','HAMVRZRssPCADKqGjGWJtQ==','张三595','17645678901','广州市天河区元岗街道天源路789号','2020-11-10 15:36:39',NULL),
(601,'user596','HAMVRZRssPCADKqGjGWJtQ==','张三596','17645678901','广州市天河区元岗街道天源路789号','2020-11-10 15:36:39',NULL),
(602,'user597','HAMVRZRssPCADKqGjGWJtQ==','张三597','17645678901','广州市天河区元岗街道天源路789号','2020-11-10 15:36:39',NULL),
(603,'user598','HAMVRZRssPCADKqGjGWJtQ==','张三598','17645678901','广州市天河区元岗街道天源路789号','2020-11-10 15:36:39',NULL),
(604,'user599','HAMVRZRssPCADKqGjGWJtQ==','张三599','17645678901','广州市天河区元岗街道天源路789号','2020-11-10 15:36:39',NULL),
(605,'user600','HAMVRZRssPCADKqGjGWJtQ==','张三600','17645678901','广州市天河区元岗街道天源路789号','2020-11-10 15:36:39',NULL),
(606,'user601','HAMVRZRssPCADKqGjGWJtQ==','张三601','17645678901','广州市天河区元岗街道天源路789号','2020-11-10 15:36:39',NULL),
(607,'user602','HAMVRZRssPCADKqGjGWJtQ==','张三602','17645678901','广州市天河区元岗街道天源路789号','2020-11-10 15:36:39',NULL),
(608,'user603','HAMVRZRssPCADKqGjGWJtQ==','张三603','17645678901','广州市天河区元岗街道天源路789号','2020-11-10 15:36:39',NULL),
(609,'user604','HAMVRZRssPCADKqGjGWJtQ==','张三604','17645678901','广州市天河区元岗街道天源路789号','2020-11-10 15:36:39',NULL),
(610,'user605','HAMVRZRssPCADKqGjGWJtQ==','张三605','17645678901','广州市天河区元岗街道天源路789号','2020-11-10 15:36:39',NULL),
(611,'user606','HAMVRZRssPCADKqGjGWJtQ==','张三606','17645678901','广州市天河区元岗街道天源路789号','2020-11-10 15:36:39',NULL),
(612,'user607','HAMVRZRssPCADKqGjGWJtQ==','张三607','17645678901','广州市天河区元岗街道天源路789号','2020-11-10 15:36:39',NULL),
(613,'user608','HAMVRZRssPCADKqGjGWJtQ==','张三608','17645678901','广州市天河区元岗街道天源路789号','2020-11-10 15:36:39',NULL),
(614,'user609','HAMVRZRssPCADKqGjGWJtQ==','张三609','17645678901','广州市天河区元岗街道天源路789号','2020-11-10 15:36:39',NULL),
(615,'user610','HAMVRZRssPCADKqGjGWJtQ==','张三610','17645678901','广州市天河区元岗街道天源路789号','2020-11-10 15:36:39',NULL),
(616,'user611','HAMVRZRssPCADKqGjGWJtQ==','张三611','17645678901','广州市天河区元岗街道天源路789号','2020-11-10 15:36:39',NULL),
(617,'user612','HAMVRZRssPCADKqGjGWJtQ==','张三612','17645678901','广州市天河区元岗街道天源路789号','2020-11-10 15:36:39',NULL),
(618,'user613','HAMVRZRssPCADKqGjGWJtQ==','张三613','17645678901','广州市天河区元岗街道天源路789号','2020-11-10 15:36:39',NULL),
(619,'user614','HAMVRZRssPCADKqGjGWJtQ==','张三614','17645678901','广州市天河区元岗街道天源路789号','2020-11-10 15:36:39',NULL),
(620,'user615','HAMVRZRssPCADKqGjGWJtQ==','张三615','17645678901','广州市天河区元岗街道天源路789号','2020-11-10 15:36:39',NULL),
(621,'user616','HAMVRZRssPCADKqGjGWJtQ==','张三616','17645678901','广州市天河区元岗街道天源路789号','2020-11-10 15:36:39',NULL),
(622,'user617','HAMVRZRssPCADKqGjGWJtQ==','张三617','17645678901','广州市天河区元岗街道天源路789号','2020-11-10 15:36:39',NULL),
(623,'user618','HAMVRZRssPCADKqGjGWJtQ==','张三618','17645678901','广州市天河区元岗街道天源路789号','2020-11-10 15:36:39',NULL),
(624,'user619','HAMVRZRssPCADKqGjGWJtQ==','张三619','17645678901','广州市天河区元岗街道天源路789号','2020-11-10 15:36:39',NULL),
(625,'user620','HAMVRZRssPCADKqGjGWJtQ==','张三620','17645678901','广州市天河区元岗街道天源路789号','2020-11-10 15:36:39',NULL),
(626,'user621','HAMVRZRssPCADKqGjGWJtQ==','张三621','17645678901','广州市天河区元岗街道天源路789号','2020-11-10 15:36:39',NULL),
(627,'user622','HAMVRZRssPCADKqGjGWJtQ==','张三622','17645678901','广州市天河区元岗街道天源路789号','2020-11-10 15:36:39',NULL),
(628,'user623','HAMVRZRssPCADKqGjGWJtQ==','张三623','17645678901','广州市天河区元岗街道天源路789号','2020-11-10 15:36:39',NULL),
(629,'user624','HAMVRZRssPCADKqGjGWJtQ==','张三624','17645678901','广州市天河区元岗街道天源路789号','2020-11-10 15:36:39',NULL),
(630,'user625','HAMVRZRssPCADKqGjGWJtQ==','张三625','17645678901','广州市天河区元岗街道天源路789号','2020-11-10 15:36:40',NULL),
(631,'user626','HAMVRZRssPCADKqGjGWJtQ==','张三626','17645678901','广州市天河区元岗街道天源路789号','2020-11-10 15:36:40',NULL),
(632,'user627','HAMVRZRssPCADKqGjGWJtQ==','张三627','17645678901','广州市天河区元岗街道天源路789号','2020-11-10 15:36:40',NULL),
(633,'user628','HAMVRZRssPCADKqGjGWJtQ==','张三628','17645678901','广州市天河区元岗街道天源路789号','2020-11-10 15:36:40',NULL),
(634,'user629','HAMVRZRssPCADKqGjGWJtQ==','张三629','17645678901','广州市天河区元岗街道天源路789号','2020-11-10 15:36:40',NULL),
(635,'user630','HAMVRZRssPCADKqGjGWJtQ==','张三630','17645678901','广州市天河区元岗街道天源路789号','2020-11-10 15:36:40',NULL),
(636,'user631','HAMVRZRssPCADKqGjGWJtQ==','张三631','17645678901','广州市天河区元岗街道天源路789号','2020-11-10 15:36:40',NULL),
(637,'user632','HAMVRZRssPCADKqGjGWJtQ==','张三632','17645678901','广州市天河区元岗街道天源路789号','2020-11-10 15:36:40',NULL),
(638,'user633','HAMVRZRssPCADKqGjGWJtQ==','张三633','17645678901','广州市天河区元岗街道天源路789号','2020-11-10 15:36:40',NULL),
(639,'user634','HAMVRZRssPCADKqGjGWJtQ==','张三634','17645678901','广州市天河区元岗街道天源路789号','2020-11-10 15:36:40',NULL),
(640,'user635','HAMVRZRssPCADKqGjGWJtQ==','张三635','17645678901','广州市天河区元岗街道天源路789号','2020-11-10 15:36:40',NULL),
(641,'user636','HAMVRZRssPCADKqGjGWJtQ==','张三636','17645678901','广州市天河区元岗街道天源路789号','2020-11-10 15:36:40',NULL),
(642,'user637','HAMVRZRssPCADKqGjGWJtQ==','张三637','17645678901','广州市天河区元岗街道天源路789号','2020-11-10 15:36:40',NULL),
(643,'user638','HAMVRZRssPCADKqGjGWJtQ==','张三638','17645678901','广州市天河区元岗街道天源路789号','2020-11-10 15:36:40',NULL),
(644,'user639','HAMVRZRssPCADKqGjGWJtQ==','张三639','17645678901','广州市天河区元岗街道天源路789号','2020-11-10 15:36:40',NULL),
(645,'user640','HAMVRZRssPCADKqGjGWJtQ==','张三640','17645678901','广州市天河区元岗街道天源路789号','2020-11-10 15:36:40',NULL),
(646,'user641','HAMVRZRssPCADKqGjGWJtQ==','张三641','17645678901','广州市天河区元岗街道天源路789号','2020-11-10 15:36:40',NULL),
(647,'user642','HAMVRZRssPCADKqGjGWJtQ==','张三642','17645678901','广州市天河区元岗街道天源路789号','2020-11-10 15:36:40',NULL),
(648,'user643','HAMVRZRssPCADKqGjGWJtQ==','张三643','17645678901','广州市天河区元岗街道天源路789号','2020-11-10 15:36:40',NULL),
(649,'user644','HAMVRZRssPCADKqGjGWJtQ==','张三644','17645678901','广州市天河区元岗街道天源路789号','2020-11-10 15:36:40',NULL),
(650,'user645','HAMVRZRssPCADKqGjGWJtQ==','张三645','17645678901','广州市天河区元岗街道天源路789号','2020-11-10 15:36:40',NULL),
(651,'user646','HAMVRZRssPCADKqGjGWJtQ==','张三646','17645678901','广州市天河区元岗街道天源路789号','2020-11-10 15:36:40',NULL),
(652,'user647','HAMVRZRssPCADKqGjGWJtQ==','张三647','17645678901','广州市天河区元岗街道天源路789号','2020-11-10 15:36:40',NULL),
(653,'user648','HAMVRZRssPCADKqGjGWJtQ==','张三648','17645678901','广州市天河区元岗街道天源路789号','2020-11-10 15:36:40',NULL),
(654,'user649','HAMVRZRssPCADKqGjGWJtQ==','张三649','17645678901','广州市天河区元岗街道天源路789号','2020-11-10 15:36:40',NULL),
(655,'user650','HAMVRZRssPCADKqGjGWJtQ==','张三650','17645678901','广州市天河区元岗街道天源路789号','2020-11-10 15:36:40',NULL),
(656,'user651','HAMVRZRssPCADKqGjGWJtQ==','张三651','17645678901','广州市天河区元岗街道天源路789号','2020-11-10 15:36:40',NULL),
(657,'user652','HAMVRZRssPCADKqGjGWJtQ==','张三652','17645678901','广州市天河区元岗街道天源路789号','2020-11-10 15:36:40',NULL),
(658,'user653','HAMVRZRssPCADKqGjGWJtQ==','张三653','17645678901','广州市天河区元岗街道天源路789号','2020-11-10 15:36:40',NULL),
(659,'user654','HAMVRZRssPCADKqGjGWJtQ==','张三654','17645678901','广州市天河区元岗街道天源路789号','2020-11-10 15:36:40',NULL),
(660,'user655','HAMVRZRssPCADKqGjGWJtQ==','张三655','17645678901','广州市天河区元岗街道天源路789号','2020-11-10 15:36:40',NULL),
(661,'user656','HAMVRZRssPCADKqGjGWJtQ==','张三656','17645678901','广州市天河区元岗街道天源路789号','2020-11-10 15:36:40',NULL),
(662,'user657','HAMVRZRssPCADKqGjGWJtQ==','张三657','17645678901','广州市天河区元岗街道天源路789号','2020-11-10 15:36:40',NULL),
(663,'user658','HAMVRZRssPCADKqGjGWJtQ==','张三658','17645678901','广州市天河区元岗街道天源路789号','2020-11-10 15:36:40',NULL),
(664,'user659','HAMVRZRssPCADKqGjGWJtQ==','张三659','17645678901','广州市天河区元岗街道天源路789号','2020-11-10 15:36:40',NULL),
(665,'user660','HAMVRZRssPCADKqGjGWJtQ==','张三660','17645678901','广州市天河区元岗街道天源路789号','2020-11-10 15:36:40',NULL),
(666,'user661','HAMVRZRssPCADKqGjGWJtQ==','张三661','17645678901','广州市天河区元岗街道天源路789号','2020-11-10 15:36:40',NULL),
(667,'user662','HAMVRZRssPCADKqGjGWJtQ==','张三662','17645678901','广州市天河区元岗街道天源路789号','2020-11-10 15:36:40',NULL),
(668,'user663','HAMVRZRssPCADKqGjGWJtQ==','张三663','17645678901','广州市天河区元岗街道天源路789号','2020-11-10 15:36:40',NULL),
(669,'user664','HAMVRZRssPCADKqGjGWJtQ==','张三664','17645678901','广州市天河区元岗街道天源路789号','2020-11-10 15:36:40',NULL),
(670,'user665','HAMVRZRssPCADKqGjGWJtQ==','张三665','17645678901','广州市天河区元岗街道天源路789号','2020-11-10 15:36:40',NULL),
(671,'user666','HAMVRZRssPCADKqGjGWJtQ==','张三666','17645678901','广州市天河区元岗街道天源路789号','2020-11-10 15:36:40',NULL),
(672,'user667','HAMVRZRssPCADKqGjGWJtQ==','张三667','17645678901','广州市天河区元岗街道天源路789号','2020-11-10 15:36:40',NULL),
(673,'user668','HAMVRZRssPCADKqGjGWJtQ==','张三668','17645678901','广州市天河区元岗街道天源路789号','2020-11-10 15:36:40',NULL),
(674,'user669','HAMVRZRssPCADKqGjGWJtQ==','张三669','17645678901','广州市天河区元岗街道天源路789号','2020-11-10 15:36:40',NULL),
(675,'user670','HAMVRZRssPCADKqGjGWJtQ==','张三670','17645678901','广州市天河区元岗街道天源路789号','2020-11-10 15:36:40',NULL),
(676,'user671','HAMVRZRssPCADKqGjGWJtQ==','张三671','17645678901','广州市天河区元岗街道天源路789号','2020-11-10 15:36:40',NULL),
(677,'user672','HAMVRZRssPCADKqGjGWJtQ==','张三672','17645678901','广州市天河区元岗街道天源路789号','2020-11-10 15:36:40',NULL),
(678,'user673','HAMVRZRssPCADKqGjGWJtQ==','张三673','17645678901','广州市天河区元岗街道天源路789号','2020-11-10 15:36:40',NULL),
(679,'user674','HAMVRZRssPCADKqGjGWJtQ==','张三674','17645678901','广州市天河区元岗街道天源路789号','2020-11-10 15:36:40',NULL),
(680,'user675','HAMVRZRssPCADKqGjGWJtQ==','张三675','17645678901','广州市天河区元岗街道天源路789号','2020-11-10 15:36:40',NULL),
(681,'user676','HAMVRZRssPCADKqGjGWJtQ==','张三676','17645678901','广州市天河区元岗街道天源路789号','2020-11-10 15:36:40',NULL),
(682,'user677','HAMVRZRssPCADKqGjGWJtQ==','张三677','17645678901','广州市天河区元岗街道天源路789号','2020-11-10 15:36:40',NULL),
(683,'user678','HAMVRZRssPCADKqGjGWJtQ==','张三678','17645678901','广州市天河区元岗街道天源路789号','2020-11-10 15:36:40',NULL),
(684,'user679','HAMVRZRssPCADKqGjGWJtQ==','张三679','17645678901','广州市天河区元岗街道天源路789号','2020-11-10 15:36:40',NULL),
(685,'user680','HAMVRZRssPCADKqGjGWJtQ==','张三680','17645678901','广州市天河区元岗街道天源路789号','2020-11-10 15:36:40',NULL),
(686,'user681','HAMVRZRssPCADKqGjGWJtQ==','张三681','17645678901','广州市天河区元岗街道天源路789号','2020-11-10 15:36:40',NULL),
(687,'user682','HAMVRZRssPCADKqGjGWJtQ==','张三682','17645678901','广州市天河区元岗街道天源路789号','2020-11-10 15:36:40',NULL),
(688,'user683','HAMVRZRssPCADKqGjGWJtQ==','张三683','17645678901','广州市天河区元岗街道天源路789号','2020-11-10 15:36:40',NULL),
(689,'user684','HAMVRZRssPCADKqGjGWJtQ==','张三684','17645678901','广州市天河区元岗街道天源路789号','2020-11-10 15:36:40',NULL),
(690,'user685','HAMVRZRssPCADKqGjGWJtQ==','张三685','17645678901','广州市天河区元岗街道天源路789号','2020-11-10 15:36:40',NULL),
(691,'user686','HAMVRZRssPCADKqGjGWJtQ==','张三686','17645678901','广州市天河区元岗街道天源路789号','2020-11-10 15:36:40',NULL),
(692,'user687','HAMVRZRssPCADKqGjGWJtQ==','张三687','17645678901','广州市天河区元岗街道天源路789号','2020-11-10 15:36:40',NULL),
(693,'user688','HAMVRZRssPCADKqGjGWJtQ==','张三688','17645678901','广州市天河区元岗街道天源路789号','2020-11-10 15:36:40',NULL),
(694,'user689','HAMVRZRssPCADKqGjGWJtQ==','张三689','17645678901','广州市天河区元岗街道天源路789号','2020-11-10 15:36:40',NULL),
(695,'user690','HAMVRZRssPCADKqGjGWJtQ==','张三690','17645678901','广州市天河区元岗街道天源路789号','2020-11-10 15:36:40',NULL),
(696,'user691','HAMVRZRssPCADKqGjGWJtQ==','张三691','17645678901','广州市天河区元岗街道天源路789号','2020-11-10 15:36:40',NULL),
(697,'user692','HAMVRZRssPCADKqGjGWJtQ==','张三692','17645678901','广州市天河区元岗街道天源路789号','2020-11-10 15:36:40',NULL),
(698,'user693','HAMVRZRssPCADKqGjGWJtQ==','张三693','17645678901','广州市天河区元岗街道天源路789号','2020-11-10 15:36:40',NULL),
(699,'user694','HAMVRZRssPCADKqGjGWJtQ==','张三694','17645678901','广州市天河区元岗街道天源路789号','2020-11-10 15:36:40',NULL),
(700,'user695','HAMVRZRssPCADKqGjGWJtQ==','张三695','17645678901','广州市天河区元岗街道天源路789号','2020-11-10 15:36:40',NULL),
(701,'user696','HAMVRZRssPCADKqGjGWJtQ==','张三696','17645678901','广州市天河区元岗街道天源路789号','2020-11-10 15:36:40',NULL),
(702,'user697','HAMVRZRssPCADKqGjGWJtQ==','张三697','17645678901','广州市天河区元岗街道天源路789号','2020-11-10 15:36:40',NULL),
(703,'user698','HAMVRZRssPCADKqGjGWJtQ==','张三698','17645678901','广州市天河区元岗街道天源路789号','2020-11-10 15:36:40',NULL),
(704,'user699','HAMVRZRssPCADKqGjGWJtQ==','张三699','17645678901','广州市天河区元岗街道天源路789号','2020-11-10 15:36:40',NULL),
(705,'user700','HAMVRZRssPCADKqGjGWJtQ==','张三700','17645678901','广州市天河区元岗街道天源路789号','2020-11-10 15:36:40',NULL),
(706,'user701','HAMVRZRssPCADKqGjGWJtQ==','张三701','17645678901','广州市天河区元岗街道天源路789号','2020-11-10 15:36:40',NULL),
(707,'user702','HAMVRZRssPCADKqGjGWJtQ==','张三702','17645678901','广州市天河区元岗街道天源路789号','2020-11-10 15:36:40',NULL),
(708,'user703','HAMVRZRssPCADKqGjGWJtQ==','张三703','17645678901','广州市天河区元岗街道天源路789号','2020-11-10 15:36:40',NULL),
(709,'user704','HAMVRZRssPCADKqGjGWJtQ==','张三704','17645678901','广州市天河区元岗街道天源路789号','2020-11-10 15:36:40',NULL),
(710,'user705','HAMVRZRssPCADKqGjGWJtQ==','张三705','17645678901','广州市天河区元岗街道天源路789号','2020-11-10 15:36:40',NULL),
(711,'user706','HAMVRZRssPCADKqGjGWJtQ==','张三706','17645678901','广州市天河区元岗街道天源路789号','2020-11-10 15:36:40',NULL),
(712,'user707','HAMVRZRssPCADKqGjGWJtQ==','张三707','17645678901','广州市天河区元岗街道天源路789号','2020-11-10 15:36:40',NULL),
(713,'user708','HAMVRZRssPCADKqGjGWJtQ==','张三708','17645678901','广州市天河区元岗街道天源路789号','2020-11-10 15:36:40',NULL),
(714,'user709','HAMVRZRssPCADKqGjGWJtQ==','张三709','17645678901','广州市天河区元岗街道天源路789号','2020-11-10 15:36:40',NULL),
(715,'user710','HAMVRZRssPCADKqGjGWJtQ==','张三710','17645678901','广州市天河区元岗街道天源路789号','2020-11-10 15:36:40',NULL),
(716,'user711','HAMVRZRssPCADKqGjGWJtQ==','张三711','17645678901','广州市天河区元岗街道天源路789号','2020-11-10 15:36:40',NULL),
(717,'user712','HAMVRZRssPCADKqGjGWJtQ==','张三712','17645678901','广州市天河区元岗街道天源路789号','2020-11-10 15:36:40',NULL),
(718,'user713','HAMVRZRssPCADKqGjGWJtQ==','张三713','17645678901','广州市天河区元岗街道天源路789号','2020-11-10 15:36:40',NULL),
(719,'user714','HAMVRZRssPCADKqGjGWJtQ==','张三714','17645678901','广州市天河区元岗街道天源路789号','2020-11-10 15:36:40',NULL),
(720,'user715','HAMVRZRssPCADKqGjGWJtQ==','张三715','17645678901','广州市天河区元岗街道天源路789号','2020-11-10 15:36:40',NULL),
(721,'user716','HAMVRZRssPCADKqGjGWJtQ==','张三716','17645678901','广州市天河区元岗街道天源路789号','2020-11-10 15:36:40',NULL),
(722,'user717','HAMVRZRssPCADKqGjGWJtQ==','张三717','17645678901','广州市天河区元岗街道天源路789号','2020-11-10 15:36:40',NULL),
(723,'user718','HAMVRZRssPCADKqGjGWJtQ==','张三718','17645678901','广州市天河区元岗街道天源路789号','2020-11-10 15:36:40',NULL),
(724,'user719','HAMVRZRssPCADKqGjGWJtQ==','张三719','17645678901','广州市天河区元岗街道天源路789号','2020-11-10 15:36:40',NULL),
(725,'user720','HAMVRZRssPCADKqGjGWJtQ==','张三720','17645678901','广州市天河区元岗街道天源路789号','2020-11-10 15:36:40',NULL),
(726,'user721','HAMVRZRssPCADKqGjGWJtQ==','张三721','17645678901','广州市天河区元岗街道天源路789号','2020-11-10 15:36:40',NULL),
(727,'user722','HAMVRZRssPCADKqGjGWJtQ==','张三722','17645678901','广州市天河区元岗街道天源路789号','2020-11-10 15:36:40',NULL),
(728,'user723','HAMVRZRssPCADKqGjGWJtQ==','张三723','17645678901','广州市天河区元岗街道天源路789号','2020-11-10 15:36:40',NULL),
(729,'user724','HAMVRZRssPCADKqGjGWJtQ==','张三724','17645678901','广州市天河区元岗街道天源路789号','2020-11-10 15:36:40',NULL),
(730,'user725','HAMVRZRssPCADKqGjGWJtQ==','张三725','17645678901','广州市天河区元岗街道天源路789号','2020-11-10 15:36:40',NULL),
(731,'user726','HAMVRZRssPCADKqGjGWJtQ==','张三726','17645678901','广州市天河区元岗街道天源路789号','2020-11-10 15:36:40',NULL),
(732,'user727','HAMVRZRssPCADKqGjGWJtQ==','张三727','17645678901','广州市天河区元岗街道天源路789号','2020-11-10 15:36:40',NULL),
(733,'user728','HAMVRZRssPCADKqGjGWJtQ==','张三728','17645678901','广州市天河区元岗街道天源路789号','2020-11-10 15:36:40',NULL),
(734,'user729','HAMVRZRssPCADKqGjGWJtQ==','张三729','17645678901','广州市天河区元岗街道天源路789号','2020-11-10 15:36:40',NULL),
(735,'user730','HAMVRZRssPCADKqGjGWJtQ==','张三730','17645678901','广州市天河区元岗街道天源路789号','2020-11-10 15:36:40',NULL),
(736,'user731','HAMVRZRssPCADKqGjGWJtQ==','张三731','17645678901','广州市天河区元岗街道天源路789号','2020-11-10 15:36:40',NULL),
(737,'user732','HAMVRZRssPCADKqGjGWJtQ==','张三732','17645678901','广州市天河区元岗街道天源路789号','2020-11-10 15:36:40',NULL),
(738,'user733','HAMVRZRssPCADKqGjGWJtQ==','张三733','17645678901','广州市天河区元岗街道天源路789号','2020-11-10 15:36:40',NULL),
(739,'user734','HAMVRZRssPCADKqGjGWJtQ==','张三734','17645678901','广州市天河区元岗街道天源路789号','2020-11-10 15:36:40',NULL),
(740,'user735','HAMVRZRssPCADKqGjGWJtQ==','张三735','17645678901','广州市天河区元岗街道天源路789号','2020-11-10 15:36:40',NULL),
(741,'user736','HAMVRZRssPCADKqGjGWJtQ==','张三736','17645678901','广州市天河区元岗街道天源路789号','2020-11-10 15:36:40',NULL),
(742,'user737','HAMVRZRssPCADKqGjGWJtQ==','张三737','17645678901','广州市天河区元岗街道天源路789号','2020-11-10 15:36:40',NULL),
(743,'user738','HAMVRZRssPCADKqGjGWJtQ==','张三738','17645678901','广州市天河区元岗街道天源路789号','2020-11-10 15:36:40',NULL),
(744,'user739','HAMVRZRssPCADKqGjGWJtQ==','张三739','17645678901','广州市天河区元岗街道天源路789号','2020-11-10 15:36:40',NULL),
(745,'user740','HAMVRZRssPCADKqGjGWJtQ==','张三740','17645678901','广州市天河区元岗街道天源路789号','2020-11-10 15:36:40',NULL),
(746,'user741','HAMVRZRssPCADKqGjGWJtQ==','张三741','17645678901','广州市天河区元岗街道天源路789号','2020-11-10 15:36:40',NULL),
(747,'user742','HAMVRZRssPCADKqGjGWJtQ==','张三742','17645678901','广州市天河区元岗街道天源路789号','2020-11-10 15:36:40',NULL),
(748,'user743','HAMVRZRssPCADKqGjGWJtQ==','张三743','17645678901','广州市天河区元岗街道天源路789号','2020-11-10 15:36:40',NULL),
(749,'user744','HAMVRZRssPCADKqGjGWJtQ==','张三744','17645678901','广州市天河区元岗街道天源路789号','2020-11-10 15:36:40',NULL),
(750,'user745','HAMVRZRssPCADKqGjGWJtQ==','张三745','17645678901','广州市天河区元岗街道天源路789号','2020-11-10 15:36:40',NULL),
(751,'user746','HAMVRZRssPCADKqGjGWJtQ==','张三746','17645678901','广州市天河区元岗街道天源路789号','2020-11-10 15:36:40',NULL),
(752,'user747','HAMVRZRssPCADKqGjGWJtQ==','张三747','17645678901','广州市天河区元岗街道天源路789号','2020-11-10 15:36:40',NULL),
(753,'user748','HAMVRZRssPCADKqGjGWJtQ==','张三748','17645678901','广州市天河区元岗街道天源路789号','2020-11-10 15:36:40',NULL),
(754,'user749','HAMVRZRssPCADKqGjGWJtQ==','张三749','17645678901','广州市天河区元岗街道天源路789号','2020-11-10 15:36:40',NULL),
(755,'user750','HAMVRZRssPCADKqGjGWJtQ==','张三750','17645678901','广州市天河区元岗街道天源路789号','2020-11-10 15:36:40',NULL),
(756,'user751','HAMVRZRssPCADKqGjGWJtQ==','张三751','17645678901','广州市天河区元岗街道天源路789号','2020-11-10 15:36:40',NULL),
(757,'user752','HAMVRZRssPCADKqGjGWJtQ==','张三752','17645678901','广州市天河区元岗街道天源路789号','2020-11-10 15:36:40',NULL),
(758,'user753','HAMVRZRssPCADKqGjGWJtQ==','张三753','17645678901','广州市天河区元岗街道天源路789号','2020-11-10 15:36:40',NULL),
(759,'user754','HAMVRZRssPCADKqGjGWJtQ==','张三754','17645678901','广州市天河区元岗街道天源路789号','2020-11-10 15:36:40',NULL),
(760,'user755','HAMVRZRssPCADKqGjGWJtQ==','张三755','17645678901','广州市天河区元岗街道天源路789号','2020-11-10 15:36:40',NULL),
(761,'user756','HAMVRZRssPCADKqGjGWJtQ==','张三756','17645678901','广州市天河区元岗街道天源路789号','2020-11-10 15:36:40',NULL),
(762,'user757','HAMVRZRssPCADKqGjGWJtQ==','张三757','17645678901','广州市天河区元岗街道天源路789号','2020-11-10 15:36:40',NULL),
(763,'user758','HAMVRZRssPCADKqGjGWJtQ==','张三758','17645678901','广州市天河区元岗街道天源路789号','2020-11-10 15:36:40',NULL),
(764,'user759','HAMVRZRssPCADKqGjGWJtQ==','张三759','17645678901','广州市天河区元岗街道天源路789号','2020-11-10 15:36:40',NULL),
(765,'user760','HAMVRZRssPCADKqGjGWJtQ==','张三760','17645678901','广州市天河区元岗街道天源路789号','2020-11-10 15:36:40',NULL),
(766,'user761','HAMVRZRssPCADKqGjGWJtQ==','张三761','17645678901','广州市天河区元岗街道天源路789号','2020-11-10 15:36:40',NULL),
(767,'user762','HAMVRZRssPCADKqGjGWJtQ==','张三762','17645678901','广州市天河区元岗街道天源路789号','2020-11-10 15:36:40',NULL),
(768,'user763','HAMVRZRssPCADKqGjGWJtQ==','张三763','17645678901','广州市天河区元岗街道天源路789号','2020-11-10 15:36:40',NULL),
(769,'user764','HAMVRZRssPCADKqGjGWJtQ==','张三764','17645678901','广州市天河区元岗街道天源路789号','2020-11-10 15:36:40',NULL),
(770,'user765','HAMVRZRssPCADKqGjGWJtQ==','张三765','17645678901','广州市天河区元岗街道天源路789号','2020-11-10 15:36:40',NULL),
(771,'user766','HAMVRZRssPCADKqGjGWJtQ==','张三766','17645678901','广州市天河区元岗街道天源路789号','2020-11-10 15:36:40',NULL),
(772,'user767','HAMVRZRssPCADKqGjGWJtQ==','张三767','17645678901','广州市天河区元岗街道天源路789号','2020-11-10 15:36:40',NULL),
(773,'user768','HAMVRZRssPCADKqGjGWJtQ==','张三768','17645678901','广州市天河区元岗街道天源路789号','2020-11-10 15:36:40',NULL),
(774,'user769','HAMVRZRssPCADKqGjGWJtQ==','张三769','17645678901','广州市天河区元岗街道天源路789号','2020-11-10 15:36:40',NULL),
(775,'user770','HAMVRZRssPCADKqGjGWJtQ==','张三770','17645678901','广州市天河区元岗街道天源路789号','2020-11-10 15:36:40',NULL),
(776,'user771','HAMVRZRssPCADKqGjGWJtQ==','张三771','17645678901','广州市天河区元岗街道天源路789号','2020-11-10 15:36:40',NULL),
(777,'user772','HAMVRZRssPCADKqGjGWJtQ==','张三772','17645678901','广州市天河区元岗街道天源路789号','2020-11-10 15:36:40',NULL),
(778,'user773','HAMVRZRssPCADKqGjGWJtQ==','张三773','17645678901','广州市天河区元岗街道天源路789号','2020-11-10 15:36:40',NULL),
(779,'user774','HAMVRZRssPCADKqGjGWJtQ==','张三774','17645678901','广州市天河区元岗街道天源路789号','2020-11-10 15:36:40',NULL),
(780,'user775','HAMVRZRssPCADKqGjGWJtQ==','张三775','17645678901','广州市天河区元岗街道天源路789号','2020-11-10 15:36:40',NULL),
(781,'user776','HAMVRZRssPCADKqGjGWJtQ==','张三776','17645678901','广州市天河区元岗街道天源路789号','2020-11-10 15:36:40',NULL),
(782,'user777','HAMVRZRssPCADKqGjGWJtQ==','张三777','17645678901','广州市天河区元岗街道天源路789号','2020-11-10 15:36:40',NULL),
(783,'user778','HAMVRZRssPCADKqGjGWJtQ==','张三778','17645678901','广州市天河区元岗街道天源路789号','2020-11-10 15:36:40',NULL),
(784,'user779','HAMVRZRssPCADKqGjGWJtQ==','张三779','17645678901','广州市天河区元岗街道天源路789号','2020-11-10 15:36:40',NULL),
(785,'user780','HAMVRZRssPCADKqGjGWJtQ==','张三780','17645678901','广州市天河区元岗街道天源路789号','2020-11-10 15:36:40',NULL),
(786,'user781','HAMVRZRssPCADKqGjGWJtQ==','张三781','17645678901','广州市天河区元岗街道天源路789号','2020-11-10 15:36:40',NULL),
(787,'user782','HAMVRZRssPCADKqGjGWJtQ==','张三782','17645678901','广州市天河区元岗街道天源路789号','2020-11-10 15:36:40',NULL),
(788,'user783','HAMVRZRssPCADKqGjGWJtQ==','张三783','17645678901','广州市天河区元岗街道天源路789号','2020-11-10 15:36:40',NULL),
(789,'user784','HAMVRZRssPCADKqGjGWJtQ==','张三784','17645678901','广州市天河区元岗街道天源路789号','2020-11-10 15:36:40',NULL),
(790,'user785','HAMVRZRssPCADKqGjGWJtQ==','张三785','17645678901','广州市天河区元岗街道天源路789号','2020-11-10 15:36:40',NULL),
(791,'user786','HAMVRZRssPCADKqGjGWJtQ==','张三786','17645678901','广州市天河区元岗街道天源路789号','2020-11-10 15:36:40',NULL),
(792,'user787','HAMVRZRssPCADKqGjGWJtQ==','张三787','17645678901','广州市天河区元岗街道天源路789号','2020-11-10 15:36:40',NULL),
(793,'user788','HAMVRZRssPCADKqGjGWJtQ==','张三788','17645678901','广州市天河区元岗街道天源路789号','2020-11-10 15:36:40',NULL),
(794,'user789','HAMVRZRssPCADKqGjGWJtQ==','张三789','17645678901','广州市天河区元岗街道天源路789号','2020-11-10 15:36:40',NULL),
(795,'user790','HAMVRZRssPCADKqGjGWJtQ==','张三790','17645678901','广州市天河区元岗街道天源路789号','2020-11-10 15:36:40',NULL),
(796,'user791','HAMVRZRssPCADKqGjGWJtQ==','张三791','17645678901','广州市天河区元岗街道天源路789号','2020-11-10 15:36:40',NULL),
(797,'user792','HAMVRZRssPCADKqGjGWJtQ==','张三792','17645678901','广州市天河区元岗街道天源路789号','2020-11-10 15:36:40',NULL),
(798,'user793','HAMVRZRssPCADKqGjGWJtQ==','张三793','17645678901','广州市天河区元岗街道天源路789号','2020-11-10 15:36:40',NULL),
(799,'user794','HAMVRZRssPCADKqGjGWJtQ==','张三794','17645678901','广州市天河区元岗街道天源路789号','2020-11-10 15:36:40',NULL),
(800,'user795','HAMVRZRssPCADKqGjGWJtQ==','张三795','17645678901','广州市天河区元岗街道天源路789号','2020-11-10 15:36:40',NULL),
(801,'user796','HAMVRZRssPCADKqGjGWJtQ==','张三796','17645678901','广州市天河区元岗街道天源路789号','2020-11-10 15:36:40',NULL),
(802,'user797','HAMVRZRssPCADKqGjGWJtQ==','张三797','17645678901','广州市天河区元岗街道天源路789号','2020-11-10 15:36:40',NULL),
(803,'user798','HAMVRZRssPCADKqGjGWJtQ==','张三798','17645678901','广州市天河区元岗街道天源路789号','2020-11-10 15:36:40',NULL),
(804,'user799','HAMVRZRssPCADKqGjGWJtQ==','张三799','17645678901','广州市天河区元岗街道天源路789号','2020-11-10 15:36:40',NULL),
(805,'user800','HAMVRZRssPCADKqGjGWJtQ==','张三800','17645678901','广州市天河区元岗街道天源路789号','2020-11-10 15:36:40',NULL),
(806,'user801','HAMVRZRssPCADKqGjGWJtQ==','张三801','17645678901','广州市天河区元岗街道天源路789号','2020-11-10 15:36:40',NULL),
(807,'user802','HAMVRZRssPCADKqGjGWJtQ==','张三802','17645678901','广州市天河区元岗街道天源路789号','2020-11-10 15:36:40',NULL),
(808,'user803','HAMVRZRssPCADKqGjGWJtQ==','张三803','17645678901','广州市天河区元岗街道天源路789号','2020-11-10 15:36:40',NULL),
(809,'user804','HAMVRZRssPCADKqGjGWJtQ==','张三804','17645678901','广州市天河区元岗街道天源路789号','2020-11-10 15:36:40',NULL),
(810,'user805','HAMVRZRssPCADKqGjGWJtQ==','张三805','17645678901','广州市天河区元岗街道天源路789号','2020-11-10 15:36:40',NULL),
(811,'user806','HAMVRZRssPCADKqGjGWJtQ==','张三806','17645678901','广州市天河区元岗街道天源路789号','2020-11-10 15:36:40',NULL),
(812,'user807','HAMVRZRssPCADKqGjGWJtQ==','张三807','17645678901','广州市天河区元岗街道天源路789号','2020-11-10 15:36:40',NULL),
(813,'user808','HAMVRZRssPCADKqGjGWJtQ==','张三808','17645678901','广州市天河区元岗街道天源路789号','2020-11-10 15:36:40',NULL),
(814,'user809','HAMVRZRssPCADKqGjGWJtQ==','张三809','17645678901','广州市天河区元岗街道天源路789号','2020-11-10 15:36:40',NULL),
(815,'user810','HAMVRZRssPCADKqGjGWJtQ==','张三810','17645678901','广州市天河区元岗街道天源路789号','2020-11-10 15:36:40',NULL),
(816,'user811','HAMVRZRssPCADKqGjGWJtQ==','张三811','17645678901','广州市天河区元岗街道天源路789号','2020-11-10 15:36:40',NULL),
(817,'user812','HAMVRZRssPCADKqGjGWJtQ==','张三812','17645678901','广州市天河区元岗街道天源路789号','2020-11-10 15:36:40',NULL),
(818,'user813','HAMVRZRssPCADKqGjGWJtQ==','张三813','17645678901','广州市天河区元岗街道天源路789号','2020-11-10 15:36:40',NULL),
(819,'user814','HAMVRZRssPCADKqGjGWJtQ==','张三814','17645678901','广州市天河区元岗街道天源路789号','2020-11-10 15:36:40',NULL),
(820,'user815','HAMVRZRssPCADKqGjGWJtQ==','张三815','17645678901','广州市天河区元岗街道天源路789号','2020-11-10 15:36:40',NULL),
(821,'user816','HAMVRZRssPCADKqGjGWJtQ==','张三816','17645678901','广州市天河区元岗街道天源路789号','2020-11-10 15:36:40',NULL),
(822,'user817','HAMVRZRssPCADKqGjGWJtQ==','张三817','17645678901','广州市天河区元岗街道天源路789号','2020-11-10 15:36:40',NULL),
(823,'user818','HAMVRZRssPCADKqGjGWJtQ==','张三818','17645678901','广州市天河区元岗街道天源路789号','2020-11-10 15:36:40',NULL),
(824,'user819','HAMVRZRssPCADKqGjGWJtQ==','张三819','17645678901','广州市天河区元岗街道天源路789号','2020-11-10 15:36:40',NULL),
(825,'user820','HAMVRZRssPCADKqGjGWJtQ==','张三820','17645678901','广州市天河区元岗街道天源路789号','2020-11-10 15:36:40',NULL),
(826,'user821','HAMVRZRssPCADKqGjGWJtQ==','张三821','17645678901','广州市天河区元岗街道天源路789号','2020-11-10 15:36:40',NULL),
(827,'user822','HAMVRZRssPCADKqGjGWJtQ==','张三822','17645678901','广州市天河区元岗街道天源路789号','2020-11-10 15:36:40',NULL),
(828,'user823','HAMVRZRssPCADKqGjGWJtQ==','张三823','17645678901','广州市天河区元岗街道天源路789号','2020-11-10 15:36:40',NULL),
(829,'user824','HAMVRZRssPCADKqGjGWJtQ==','张三824','17645678901','广州市天河区元岗街道天源路789号','2020-11-10 15:36:40',NULL),
(830,'user825','HAMVRZRssPCADKqGjGWJtQ==','张三825','17645678901','广州市天河区元岗街道天源路789号','2020-11-10 15:36:40',NULL),
(831,'user826','HAMVRZRssPCADKqGjGWJtQ==','张三826','17645678901','广州市天河区元岗街道天源路789号','2020-11-10 15:36:40',NULL),
(832,'user827','HAMVRZRssPCADKqGjGWJtQ==','张三827','17645678901','广州市天河区元岗街道天源路789号','2020-11-10 15:36:40',NULL),
(833,'user828','HAMVRZRssPCADKqGjGWJtQ==','张三828','17645678901','广州市天河区元岗街道天源路789号','2020-11-10 15:36:40',NULL),
(834,'user829','HAMVRZRssPCADKqGjGWJtQ==','张三829','17645678901','广州市天河区元岗街道天源路789号','2020-11-10 15:36:40',NULL),
(835,'user830','HAMVRZRssPCADKqGjGWJtQ==','张三830','17645678901','广州市天河区元岗街道天源路789号','2020-11-10 15:36:40',NULL),
(836,'user831','HAMVRZRssPCADKqGjGWJtQ==','张三831','17645678901','广州市天河区元岗街道天源路789号','2020-11-10 15:36:40',NULL),
(837,'user832','HAMVRZRssPCADKqGjGWJtQ==','张三832','17645678901','广州市天河区元岗街道天源路789号','2020-11-10 15:36:40',NULL),
(838,'user833','HAMVRZRssPCADKqGjGWJtQ==','张三833','17645678901','广州市天河区元岗街道天源路789号','2020-11-10 15:36:40',NULL),
(839,'user834','HAMVRZRssPCADKqGjGWJtQ==','张三834','17645678901','广州市天河区元岗街道天源路789号','2020-11-10 15:36:40',NULL),
(840,'user835','HAMVRZRssPCADKqGjGWJtQ==','张三835','17645678901','广州市天河区元岗街道天源路789号','2020-11-10 15:36:40',NULL),
(841,'user836','HAMVRZRssPCADKqGjGWJtQ==','张三836','17645678901','广州市天河区元岗街道天源路789号','2020-11-10 15:36:40',NULL),
(842,'user837','HAMVRZRssPCADKqGjGWJtQ==','张三837','17645678901','广州市天河区元岗街道天源路789号','2020-11-10 15:36:40',NULL),
(843,'user838','HAMVRZRssPCADKqGjGWJtQ==','张三838','17645678901','广州市天河区元岗街道天源路789号','2020-11-10 15:36:40',NULL),
(844,'user839','HAMVRZRssPCADKqGjGWJtQ==','张三839','17645678901','广州市天河区元岗街道天源路789号','2020-11-10 15:36:40',NULL),
(845,'user840','HAMVRZRssPCADKqGjGWJtQ==','张三840','17645678901','广州市天河区元岗街道天源路789号','2020-11-10 15:36:40',NULL),
(846,'user841','HAMVRZRssPCADKqGjGWJtQ==','张三841','17645678901','广州市天河区元岗街道天源路789号','2020-11-10 15:36:40',NULL),
(847,'user842','HAMVRZRssPCADKqGjGWJtQ==','张三842','17645678901','广州市天河区元岗街道天源路789号','2020-11-10 15:36:40',NULL),
(848,'user843','HAMVRZRssPCADKqGjGWJtQ==','张三843','17645678901','广州市天河区元岗街道天源路789号','2020-11-10 15:36:40',NULL),
(849,'user844','HAMVRZRssPCADKqGjGWJtQ==','张三844','17645678901','广州市天河区元岗街道天源路789号','2020-11-10 15:36:40',NULL),
(850,'user845','HAMVRZRssPCADKqGjGWJtQ==','张三845','17645678901','广州市天河区元岗街道天源路789号','2020-11-10 15:36:40',NULL),
(851,'user846','HAMVRZRssPCADKqGjGWJtQ==','张三846','17645678901','广州市天河区元岗街道天源路789号','2020-11-10 15:36:40',NULL),
(852,'user847','HAMVRZRssPCADKqGjGWJtQ==','张三847','17645678901','广州市天河区元岗街道天源路789号','2020-11-10 15:36:40',NULL),
(853,'user848','HAMVRZRssPCADKqGjGWJtQ==','张三848','17645678901','广州市天河区元岗街道天源路789号','2020-11-10 15:36:40',NULL),
(854,'user849','HAMVRZRssPCADKqGjGWJtQ==','张三849','17645678901','广州市天河区元岗街道天源路789号','2020-11-10 15:36:40',NULL),
(855,'user850','HAMVRZRssPCADKqGjGWJtQ==','张三850','17645678901','广州市天河区元岗街道天源路789号','2020-11-10 15:36:40',NULL),
(856,'user851','HAMVRZRssPCADKqGjGWJtQ==','张三851','17645678901','广州市天河区元岗街道天源路789号','2020-11-10 15:36:40',NULL),
(857,'user852','HAMVRZRssPCADKqGjGWJtQ==','张三852','17645678901','广州市天河区元岗街道天源路789号','2020-11-10 15:36:40',NULL),
(858,'user853','HAMVRZRssPCADKqGjGWJtQ==','张三853','17645678901','广州市天河区元岗街道天源路789号','2020-11-10 15:36:40',NULL),
(859,'user854','HAMVRZRssPCADKqGjGWJtQ==','张三854','17645678901','广州市天河区元岗街道天源路789号','2020-11-10 15:36:40',NULL),
(860,'user855','HAMVRZRssPCADKqGjGWJtQ==','张三855','17645678901','广州市天河区元岗街道天源路789号','2020-11-10 15:36:40',NULL),
(861,'user856','HAMVRZRssPCADKqGjGWJtQ==','张三856','17645678901','广州市天河区元岗街道天源路789号','2020-11-10 15:36:40',NULL),
(862,'user857','HAMVRZRssPCADKqGjGWJtQ==','张三857','17645678901','广州市天河区元岗街道天源路789号','2020-11-10 15:36:40',NULL),
(863,'user858','HAMVRZRssPCADKqGjGWJtQ==','张三858','17645678901','广州市天河区元岗街道天源路789号','2020-11-10 15:36:40',NULL),
(864,'user859','HAMVRZRssPCADKqGjGWJtQ==','张三859','17645678901','广州市天河区元岗街道天源路789号','2020-11-10 15:36:40',NULL),
(865,'user860','HAMVRZRssPCADKqGjGWJtQ==','张三860','17645678901','广州市天河区元岗街道天源路789号','2020-11-10 15:36:40',NULL),
(866,'user861','HAMVRZRssPCADKqGjGWJtQ==','张三861','17645678901','广州市天河区元岗街道天源路789号','2020-11-10 15:36:40',NULL),
(867,'user862','HAMVRZRssPCADKqGjGWJtQ==','张三862','17645678901','广州市天河区元岗街道天源路789号','2020-11-10 15:36:40',NULL),
(868,'user863','HAMVRZRssPCADKqGjGWJtQ==','张三863','17645678901','广州市天河区元岗街道天源路789号','2020-11-10 15:36:40',NULL),
(869,'user864','HAMVRZRssPCADKqGjGWJtQ==','张三864','17645678901','广州市天河区元岗街道天源路789号','2020-11-10 15:36:40',NULL),
(870,'user865','HAMVRZRssPCADKqGjGWJtQ==','张三865','17645678901','广州市天河区元岗街道天源路789号','2020-11-10 15:36:40',NULL),
(871,'user866','HAMVRZRssPCADKqGjGWJtQ==','张三866','17645678901','广州市天河区元岗街道天源路789号','2020-11-10 15:36:40',NULL),
(872,'user867','HAMVRZRssPCADKqGjGWJtQ==','张三867','17645678901','广州市天河区元岗街道天源路789号','2020-11-10 15:36:40',NULL),
(873,'user868','HAMVRZRssPCADKqGjGWJtQ==','张三868','17645678901','广州市天河区元岗街道天源路789号','2020-11-10 15:36:40',NULL),
(874,'user869','HAMVRZRssPCADKqGjGWJtQ==','张三869','17645678901','广州市天河区元岗街道天源路789号','2020-11-10 15:36:40',NULL),
(875,'user870','HAMVRZRssPCADKqGjGWJtQ==','张三870','17645678901','广州市天河区元岗街道天源路789号','2020-11-10 15:36:40',NULL),
(876,'user871','HAMVRZRssPCADKqGjGWJtQ==','张三871','17645678901','广州市天河区元岗街道天源路789号','2020-11-10 15:36:40',NULL),
(877,'user872','HAMVRZRssPCADKqGjGWJtQ==','张三872','17645678901','广州市天河区元岗街道天源路789号','2020-11-10 15:36:40',NULL),
(878,'user873','HAMVRZRssPCADKqGjGWJtQ==','张三873','17645678901','广州市天河区元岗街道天源路789号','2020-11-10 15:36:40',NULL),
(879,'user874','HAMVRZRssPCADKqGjGWJtQ==','张三874','17645678901','广州市天河区元岗街道天源路789号','2020-11-10 15:36:40',NULL),
(880,'user875','HAMVRZRssPCADKqGjGWJtQ==','张三875','17645678901','广州市天河区元岗街道天源路789号','2020-11-10 15:36:40',NULL),
(881,'user876','HAMVRZRssPCADKqGjGWJtQ==','张三876','17645678901','广州市天河区元岗街道天源路789号','2020-11-10 15:36:40',NULL),
(882,'user877','HAMVRZRssPCADKqGjGWJtQ==','张三877','17645678901','广州市天河区元岗街道天源路789号','2020-11-10 15:36:40',NULL),
(883,'user878','HAMVRZRssPCADKqGjGWJtQ==','张三878','17645678901','广州市天河区元岗街道天源路789号','2020-11-10 15:36:40',NULL),
(884,'user879','HAMVRZRssPCADKqGjGWJtQ==','张三879','17645678901','广州市天河区元岗街道天源路789号','2020-11-10 15:36:40',NULL),
(885,'user880','HAMVRZRssPCADKqGjGWJtQ==','张三880','17645678901','广州市天河区元岗街道天源路789号','2020-11-10 15:36:40',NULL),
(886,'user881','HAMVRZRssPCADKqGjGWJtQ==','张三881','17645678901','广州市天河区元岗街道天源路789号','2020-11-10 15:36:40',NULL),
(887,'user882','HAMVRZRssPCADKqGjGWJtQ==','张三882','17645678901','广州市天河区元岗街道天源路789号','2020-11-10 15:36:40',NULL),
(888,'user883','HAMVRZRssPCADKqGjGWJtQ==','张三883','17645678901','广州市天河区元岗街道天源路789号','2020-11-10 15:36:40',NULL),
(889,'user884','HAMVRZRssPCADKqGjGWJtQ==','张三884','17645678901','广州市天河区元岗街道天源路789号','2020-11-10 15:36:40',NULL),
(890,'user885','HAMVRZRssPCADKqGjGWJtQ==','张三885','17645678901','广州市天河区元岗街道天源路789号','2020-11-10 15:36:40',NULL),
(891,'user886','HAMVRZRssPCADKqGjGWJtQ==','张三886','17645678901','广州市天河区元岗街道天源路789号','2020-11-10 15:36:40',NULL),
(892,'user887','HAMVRZRssPCADKqGjGWJtQ==','张三887','17645678901','广州市天河区元岗街道天源路789号','2020-11-10 15:36:40',NULL),
(893,'user888','HAMVRZRssPCADKqGjGWJtQ==','张三888','17645678901','广州市天河区元岗街道天源路789号','2020-11-10 15:36:40',NULL),
(894,'user889','HAMVRZRssPCADKqGjGWJtQ==','张三889','17645678901','广州市天河区元岗街道天源路789号','2020-11-10 15:36:40',NULL),
(895,'user890','HAMVRZRssPCADKqGjGWJtQ==','张三890','17645678901','广州市天河区元岗街道天源路789号','2020-11-10 15:36:40',NULL),
(896,'user891','HAMVRZRssPCADKqGjGWJtQ==','张三891','17645678901','广州市天河区元岗街道天源路789号','2020-11-10 15:36:40',NULL),
(897,'user892','HAMVRZRssPCADKqGjGWJtQ==','张三892','17645678901','广州市天河区元岗街道天源路789号','2020-11-10 15:36:40',NULL),
(898,'user893','HAMVRZRssPCADKqGjGWJtQ==','张三893','17645678901','广州市天河区元岗街道天源路789号','2020-11-10 15:36:40',NULL),
(899,'user894','HAMVRZRssPCADKqGjGWJtQ==','张三894','17645678901','广州市天河区元岗街道天源路789号','2020-11-10 15:36:40',NULL),
(900,'user895','HAMVRZRssPCADKqGjGWJtQ==','张三895','17645678901','广州市天河区元岗街道天源路789号','2020-11-10 15:36:40',NULL),
(901,'user896','HAMVRZRssPCADKqGjGWJtQ==','张三896','17645678901','广州市天河区元岗街道天源路789号','2020-11-10 15:36:40',NULL),
(902,'user897','HAMVRZRssPCADKqGjGWJtQ==','张三897','17645678901','广州市天河区元岗街道天源路789号','2020-11-10 15:36:40',NULL),
(903,'user898','HAMVRZRssPCADKqGjGWJtQ==','张三898','17645678901','广州市天河区元岗街道天源路789号','2020-11-10 15:36:40',NULL),
(904,'user899','HAMVRZRssPCADKqGjGWJtQ==','张三899','17645678901','广州市天河区元岗街道天源路789号','2020-11-10 15:36:40',NULL),
(905,'user900','HAMVRZRssPCADKqGjGWJtQ==','张三900','17645678901','广州市天河区元岗街道天源路789号','2020-11-10 15:36:40',NULL),
(906,'user901','HAMVRZRssPCADKqGjGWJtQ==','张三901','17645678901','广州市天河区元岗街道天源路789号','2020-11-10 15:36:40',NULL),
(907,'user902','HAMVRZRssPCADKqGjGWJtQ==','张三902','17645678901','广州市天河区元岗街道天源路789号','2020-11-10 15:36:40',NULL),
(908,'user903','HAMVRZRssPCADKqGjGWJtQ==','张三903','17645678901','广州市天河区元岗街道天源路789号','2020-11-10 15:36:40',NULL),
(909,'user904','HAMVRZRssPCADKqGjGWJtQ==','张三904','17645678901','广州市天河区元岗街道天源路789号','2020-11-10 15:36:40',NULL),
(910,'user905','HAMVRZRssPCADKqGjGWJtQ==','张三905','17645678901','广州市天河区元岗街道天源路789号','2020-11-10 15:36:40',NULL),
(911,'user906','HAMVRZRssPCADKqGjGWJtQ==','张三906','17645678901','广州市天河区元岗街道天源路789号','2020-11-10 15:36:40',NULL),
(912,'user907','HAMVRZRssPCADKqGjGWJtQ==','张三907','17645678901','广州市天河区元岗街道天源路789号','2020-11-10 15:36:40',NULL),
(913,'user908','HAMVRZRssPCADKqGjGWJtQ==','张三908','17645678901','广州市天河区元岗街道天源路789号','2020-11-10 15:36:40',NULL),
(914,'user909','HAMVRZRssPCADKqGjGWJtQ==','张三909','17645678901','广州市天河区元岗街道天源路789号','2020-11-10 15:36:40',NULL),
(915,'user910','HAMVRZRssPCADKqGjGWJtQ==','张三910','17645678901','广州市天河区元岗街道天源路789号','2020-11-10 15:36:40',NULL),
(916,'user911','HAMVRZRssPCADKqGjGWJtQ==','张三911','17645678901','广州市天河区元岗街道天源路789号','2020-11-10 15:36:40',NULL),
(917,'user912','HAMVRZRssPCADKqGjGWJtQ==','张三912','17645678901','广州市天河区元岗街道天源路789号','2020-11-10 15:36:40',NULL),
(918,'user913','HAMVRZRssPCADKqGjGWJtQ==','张三913','17645678901','广州市天河区元岗街道天源路789号','2020-11-10 15:36:40',NULL),
(919,'user914','HAMVRZRssPCADKqGjGWJtQ==','张三914','17645678901','广州市天河区元岗街道天源路789号','2020-11-10 15:36:40',NULL),
(920,'user915','HAMVRZRssPCADKqGjGWJtQ==','张三915','17645678901','广州市天河区元岗街道天源路789号','2020-11-10 15:36:40',NULL),
(921,'user916','HAMVRZRssPCADKqGjGWJtQ==','张三916','17645678901','广州市天河区元岗街道天源路789号','2020-11-10 15:36:40',NULL),
(922,'user917','HAMVRZRssPCADKqGjGWJtQ==','张三917','17645678901','广州市天河区元岗街道天源路789号','2020-11-10 15:36:40',NULL),
(923,'user918','HAMVRZRssPCADKqGjGWJtQ==','张三918','17645678901','广州市天河区元岗街道天源路789号','2020-11-10 15:36:40',NULL),
(924,'user919','HAMVRZRssPCADKqGjGWJtQ==','张三919','17645678901','广州市天河区元岗街道天源路789号','2020-11-10 15:36:40',NULL),
(925,'user920','HAMVRZRssPCADKqGjGWJtQ==','张三920','17645678901','广州市天河区元岗街道天源路789号','2020-11-10 15:36:40',NULL),
(926,'user921','HAMVRZRssPCADKqGjGWJtQ==','张三921','17645678901','广州市天河区元岗街道天源路789号','2020-11-10 15:36:40',NULL),
(927,'user922','HAMVRZRssPCADKqGjGWJtQ==','张三922','17645678901','广州市天河区元岗街道天源路789号','2020-11-10 15:36:40',NULL),
(928,'user923','HAMVRZRssPCADKqGjGWJtQ==','张三923','17645678901','广州市天河区元岗街道天源路789号','2020-11-10 15:36:40',NULL),
(929,'user924','HAMVRZRssPCADKqGjGWJtQ==','张三924','17645678901','广州市天河区元岗街道天源路789号','2020-11-10 15:36:40',NULL),
(930,'user925','HAMVRZRssPCADKqGjGWJtQ==','张三925','17645678901','广州市天河区元岗街道天源路789号','2020-11-10 15:36:40',NULL),
(931,'user926','HAMVRZRssPCADKqGjGWJtQ==','张三926','17645678901','广州市天河区元岗街道天源路789号','2020-11-10 15:36:40',NULL),
(932,'user927','HAMVRZRssPCADKqGjGWJtQ==','张三927','17645678901','广州市天河区元岗街道天源路789号','2020-11-10 15:36:40',NULL),
(933,'user928','HAMVRZRssPCADKqGjGWJtQ==','张三928','17645678901','广州市天河区元岗街道天源路789号','2020-11-10 15:36:40',NULL),
(934,'user929','HAMVRZRssPCADKqGjGWJtQ==','张三929','17645678901','广州市天河区元岗街道天源路789号','2020-11-10 15:36:40',NULL),
(935,'user930','HAMVRZRssPCADKqGjGWJtQ==','张三930','17645678901','广州市天河区元岗街道天源路789号','2020-11-10 15:36:40',NULL),
(936,'user931','HAMVRZRssPCADKqGjGWJtQ==','张三931','17645678901','广州市天河区元岗街道天源路789号','2020-11-10 15:36:40',NULL),
(937,'user932','HAMVRZRssPCADKqGjGWJtQ==','张三932','17645678901','广州市天河区元岗街道天源路789号','2020-11-10 15:36:40',NULL),
(938,'user933','HAMVRZRssPCADKqGjGWJtQ==','张三933','17645678901','广州市天河区元岗街道天源路789号','2020-11-10 15:36:40',NULL),
(939,'user934','HAMVRZRssPCADKqGjGWJtQ==','张三934','17645678901','广州市天河区元岗街道天源路789号','2020-11-10 15:36:40',NULL),
(940,'user935','HAMVRZRssPCADKqGjGWJtQ==','张三935','17645678901','广州市天河区元岗街道天源路789号','2020-11-10 15:36:40',NULL),
(941,'user936','HAMVRZRssPCADKqGjGWJtQ==','张三936','17645678901','广州市天河区元岗街道天源路789号','2020-11-10 15:36:40',NULL),
(942,'user937','HAMVRZRssPCADKqGjGWJtQ==','张三937','17645678901','广州市天河区元岗街道天源路789号','2020-11-10 15:36:40',NULL),
(943,'user938','HAMVRZRssPCADKqGjGWJtQ==','张三938','17645678901','广州市天河区元岗街道天源路789号','2020-11-10 15:36:40',NULL),
(944,'user939','HAMVRZRssPCADKqGjGWJtQ==','张三939','17645678901','广州市天河区元岗街道天源路789号','2020-11-10 15:36:40',NULL),
(945,'user940','HAMVRZRssPCADKqGjGWJtQ==','张三940','17645678901','广州市天河区元岗街道天源路789号','2020-11-10 15:36:40',NULL),
(946,'user941','HAMVRZRssPCADKqGjGWJtQ==','张三941','17645678901','广州市天河区元岗街道天源路789号','2020-11-10 15:36:40',NULL),
(947,'user942','HAMVRZRssPCADKqGjGWJtQ==','张三942','17645678901','广州市天河区元岗街道天源路789号','2020-11-10 15:36:40',NULL),
(948,'user943','HAMVRZRssPCADKqGjGWJtQ==','张三943','17645678901','广州市天河区元岗街道天源路789号','2020-11-10 15:36:40',NULL),
(949,'user944','HAMVRZRssPCADKqGjGWJtQ==','张三944','17645678901','广州市天河区元岗街道天源路789号','2020-11-10 15:36:40',NULL),
(950,'user945','HAMVRZRssPCADKqGjGWJtQ==','张三945','17645678901','广州市天河区元岗街道天源路789号','2020-11-10 15:36:40',NULL),
(951,'user946','HAMVRZRssPCADKqGjGWJtQ==','张三946','17645678901','广州市天河区元岗街道天源路789号','2020-11-10 15:36:40',NULL),
(952,'user947','HAMVRZRssPCADKqGjGWJtQ==','张三947','17645678901','广州市天河区元岗街道天源路789号','2020-11-10 15:36:40',NULL),
(953,'user948','HAMVRZRssPCADKqGjGWJtQ==','张三948','17645678901','广州市天河区元岗街道天源路789号','2020-11-10 15:36:40',NULL),
(954,'user949','HAMVRZRssPCADKqGjGWJtQ==','张三949','17645678901','广州市天河区元岗街道天源路789号','2020-11-10 15:36:40',NULL),
(955,'user950','HAMVRZRssPCADKqGjGWJtQ==','张三950','17645678901','广州市天河区元岗街道天源路789号','2020-11-10 15:36:40',NULL),
(956,'user951','HAMVRZRssPCADKqGjGWJtQ==','张三951','17645678901','广州市天河区元岗街道天源路789号','2020-11-10 15:36:40',NULL),
(957,'user952','HAMVRZRssPCADKqGjGWJtQ==','张三952','17645678901','广州市天河区元岗街道天源路789号','2020-11-10 15:36:40',NULL),
(958,'user953','HAMVRZRssPCADKqGjGWJtQ==','张三953','17645678901','广州市天河区元岗街道天源路789号','2020-11-10 15:36:40',NULL),
(959,'user954','HAMVRZRssPCADKqGjGWJtQ==','张三954','17645678901','广州市天河区元岗街道天源路789号','2020-11-10 15:36:40',NULL),
(960,'user955','HAMVRZRssPCADKqGjGWJtQ==','张三955','17645678901','广州市天河区元岗街道天源路789号','2020-11-10 15:36:40',NULL),
(961,'user956','HAMVRZRssPCADKqGjGWJtQ==','张三956','17645678901','广州市天河区元岗街道天源路789号','2020-11-10 15:36:40',NULL),
(962,'user957','HAMVRZRssPCADKqGjGWJtQ==','张三957','17645678901','广州市天河区元岗街道天源路789号','2020-11-10 15:36:40',NULL),
(963,'user958','HAMVRZRssPCADKqGjGWJtQ==','张三958','17645678901','广州市天河区元岗街道天源路789号','2020-11-10 15:36:40',NULL),
(964,'user959','HAMVRZRssPCADKqGjGWJtQ==','张三959','17645678901','广州市天河区元岗街道天源路789号','2020-11-10 15:36:40',NULL),
(965,'user960','HAMVRZRssPCADKqGjGWJtQ==','张三960','17645678901','广州市天河区元岗街道天源路789号','2020-11-10 15:36:40',NULL),
(966,'user961','HAMVRZRssPCADKqGjGWJtQ==','张三961','17645678901','广州市天河区元岗街道天源路789号','2020-11-10 15:36:40',NULL),
(967,'user962','HAMVRZRssPCADKqGjGWJtQ==','张三962','17645678901','广州市天河区元岗街道天源路789号','2020-11-10 15:36:40',NULL),
(968,'user963','HAMVRZRssPCADKqGjGWJtQ==','张三963','17645678901','广州市天河区元岗街道天源路789号','2020-11-10 15:36:40',NULL),
(969,'user964','HAMVRZRssPCADKqGjGWJtQ==','张三964','17645678901','广州市天河区元岗街道天源路789号','2020-11-10 15:36:40',NULL),
(970,'user965','HAMVRZRssPCADKqGjGWJtQ==','张三965','17645678901','广州市天河区元岗街道天源路789号','2020-11-10 15:36:40',NULL),
(971,'user966','HAMVRZRssPCADKqGjGWJtQ==','张三966','17645678901','广州市天河区元岗街道天源路789号','2020-11-10 15:36:40',NULL),
(972,'user967','HAMVRZRssPCADKqGjGWJtQ==','张三967','17645678901','广州市天河区元岗街道天源路789号','2020-11-10 15:36:40',NULL),
(973,'user968','HAMVRZRssPCADKqGjGWJtQ==','张三968','17645678901','广州市天河区元岗街道天源路789号','2020-11-10 15:36:40',NULL),
(974,'user969','HAMVRZRssPCADKqGjGWJtQ==','张三969','17645678901','广州市天河区元岗街道天源路789号','2020-11-10 15:36:40',NULL),
(975,'user970','HAMVRZRssPCADKqGjGWJtQ==','张三970','17645678901','广州市天河区元岗街道天源路789号','2020-11-10 15:36:40',NULL),
(976,'user971','HAMVRZRssPCADKqGjGWJtQ==','张三971','17645678901','广州市天河区元岗街道天源路789号','2020-11-10 15:36:40',NULL),
(977,'user972','HAMVRZRssPCADKqGjGWJtQ==','张三972','17645678901','广州市天河区元岗街道天源路789号','2020-11-10 15:36:40',NULL),
(978,'user973','HAMVRZRssPCADKqGjGWJtQ==','张三973','17645678901','广州市天河区元岗街道天源路789号','2020-11-10 15:36:40',NULL),
(979,'user974','HAMVRZRssPCADKqGjGWJtQ==','张三974','17645678901','广州市天河区元岗街道天源路789号','2020-11-10 15:36:40',NULL),
(980,'user975','HAMVRZRssPCADKqGjGWJtQ==','张三975','17645678901','广州市天河区元岗街道天源路789号','2020-11-10 15:36:40',NULL),
(981,'user976','HAMVRZRssPCADKqGjGWJtQ==','张三976','17645678901','广州市天河区元岗街道天源路789号','2020-11-10 15:36:40',NULL),
(982,'user977','HAMVRZRssPCADKqGjGWJtQ==','张三977','17645678901','广州市天河区元岗街道天源路789号','2020-11-10 15:36:40',NULL),
(983,'user978','HAMVRZRssPCADKqGjGWJtQ==','张三978','17645678901','广州市天河区元岗街道天源路789号','2020-11-10 15:36:40',NULL),
(984,'user979','HAMVRZRssPCADKqGjGWJtQ==','张三979','17645678901','广州市天河区元岗街道天源路789号','2020-11-10 15:36:40',NULL),
(985,'user980','HAMVRZRssPCADKqGjGWJtQ==','张三980','17645678901','广州市天河区元岗街道天源路789号','2020-11-10 15:36:40',NULL),
(986,'user981','HAMVRZRssPCADKqGjGWJtQ==','张三981','17645678901','广州市天河区元岗街道天源路789号','2020-11-10 15:36:40',NULL),
(987,'user982','HAMVRZRssPCADKqGjGWJtQ==','张三982','17645678901','广州市天河区元岗街道天源路789号','2020-11-10 15:36:40',NULL),
(988,'user983','HAMVRZRssPCADKqGjGWJtQ==','张三983','17645678901','广州市天河区元岗街道天源路789号','2020-11-10 15:36:40',NULL),
(989,'user984','HAMVRZRssPCADKqGjGWJtQ==','张三984','17645678901','广州市天河区元岗街道天源路789号','2020-11-10 15:36:40',NULL),
(990,'user985','HAMVRZRssPCADKqGjGWJtQ==','张三985','17645678901','广州市天河区元岗街道天源路789号','2020-11-10 15:36:40',NULL),
(991,'user986','HAMVRZRssPCADKqGjGWJtQ==','张三986','17645678901','广州市天河区元岗街道天源路789号','2020-11-10 15:36:40',NULL),
(992,'user987','HAMVRZRssPCADKqGjGWJtQ==','张三987','17645678901','广州市天河区元岗街道天源路789号','2020-11-10 15:36:40',NULL),
(993,'user988','HAMVRZRssPCADKqGjGWJtQ==','张三988','17645678901','广州市天河区元岗街道天源路789号','2020-11-10 15:36:40',NULL),
(994,'user989','HAMVRZRssPCADKqGjGWJtQ==','张三989','17645678901','广州市天河区元岗街道天源路789号','2020-11-10 15:36:40',NULL),
(995,'user990','HAMVRZRssPCADKqGjGWJtQ==','张三990','17645678901','广州市天河区元岗街道天源路789号','2020-11-10 15:36:40',NULL),
(996,'user991','HAMVRZRssPCADKqGjGWJtQ==','张三991','17645678901','广州市天河区元岗街道天源路789号','2020-11-10 15:36:40',NULL),
(997,'user992','HAMVRZRssPCADKqGjGWJtQ==','张三992','17645678901','广州市天河区元岗街道天源路789号','2020-11-10 15:36:40',NULL),
(998,'user993','HAMVRZRssPCADKqGjGWJtQ==','张三993','17645678901','广州市天河区元岗街道天源路789号','2020-11-10 15:36:40',NULL),
(999,'user994','HAMVRZRssPCADKqGjGWJtQ==','张三994','17645678901','广州市天河区元岗街道天源路789号','2020-11-10 15:36:40',NULL),
(1000,'user995','HAMVRZRssPCADKqGjGWJtQ==','张三995','17645678901','广州市天河区元岗街道天源路789号','2020-11-10 15:36:40',NULL),
(1001,'user996','HAMVRZRssPCADKqGjGWJtQ==','张三996','17645678901','广州市天河区元岗街道天源路789号','2020-11-10 15:36:40',NULL),
(1003,'m8q5ja7','5Nhql5Rqtwl0JZe6kXkkjw==','肚皮肚皮肚扒肚','13725392851',NULL,'2020-11-13 16:01:35',NULL),
(1004,'vL4Xoc2','uIJeA9BWckozB8wRo8Y81Q==','nsdsajd','13788888888',NULL,'2020-11-21 16:13:25',NULL),
(1005,'愤帜螺挠烟','8M7fgGYqjYAgnhyIxVw9Aw==','撒大大sdwe','13722222222',NULL,'2020-11-21 18:02:51',NULL),
(1006,'娇兑','8M7fgGYqjYAgnhyIxVw9Aw==','sdasdad','13762666666',NULL,'2020-11-21 18:07:09',NULL),
(1007,'滁翟','8M7fgGYqjYAgnhyIxVw9Aw==','sdawrf','13766222222',NULL,'2020-11-21 18:07:34',NULL),
(1008,'user','yJOXpxCuYkm+zIQrRHPdpQ==','user','13725396666','广州','2020-12-05 00:13:25',NULL);

/*!40101 SET SQL_MODE=@OLD_SQL_MODE */;
/*!40014 SET FOREIGN_KEY_CHECKS=@OLD_FOREIGN_KEY_CHECKS */;
/*!40014 SET UNIQUE_CHECKS=@OLD_UNIQUE_CHECKS */;
/*!40111 SET SQL_NOTES=@OLD_SQL_NOTES */;
